document_id,authority,original_filename,original_stem,original_extension,original_relative_path
ACM_001,ACM,ACM__kartels_10920_7487BMA.md,ACM__kartels_10920_7487BMA,.md,full_text\ACM__kartels_10920_7487BMA.md
ACM_002,ACM,ACM__kartels_10979_Besluit in zaak 7401.md,ACM__kartels_10979_Besluit in zaak 7401,.md,full_text\ACM__kartels_10979_Besluit in zaak 7401.md
ACM_003,ACM,ACM__kartels_11221_7130BLD.md,ACM__kartels_11221_7130BLD,.md,full_text\ACM__kartels_11221_7130BLD.md
ACM_004,ACM,ACM__kartels_11221_7130BLD_DeheerC.md,ACM__kartels_11221_7130BLD_DeheerC,.md,full_text\ACM__kartels_11221_7130BLD_DeheerC.md
ACM_005,ACM,ACM__kartels_11221_7130BLD_DeheerD.md,ACM__kartels_11221_7130BLD_DeheerD,.md,full_text\ACM__kartels_11221_7130BLD_DeheerD.md
ACM_006,ACM,ACM__kartels_11222_7130_7131BLD_DeheerA.md,ACM__kartels_11222_7130_7131BLD_DeheerA,.md,full_text\ACM__kartels_11222_7130_7131BLD_DeheerA.md
ACM_007,ACM,ACM__kartels_11862_beslissing-op-bezwaar-wob-verzoek-wasserijen-7597-24.md,ACM__kartels_11862_beslissing-op-bezwaar-wob-verzoek-wasserijen-7597-24,.md,full_text\ACM__kartels_11862_beslissing-op-bezwaar-wob-verzoek-wasserijen-7597-24.md
ACM_008,ACM,ACM__kartels_12554_openbare-boetebesluit-leesmappen-2013-11-07.md,ACM__kartels_12554_openbare-boetebesluit-leesmappen-2013-11-07,.md,full_text\ACM__kartels_12554_openbare-boetebesluit-leesmappen-2013-11-07.md
ACM_009,ACM,ACM__kartels_15708_beslissing-op-bezwaar-prefab-garages.md,ACM__kartels_15708_beslissing-op-bezwaar-prefab-garages,.md,full_text\ACM__kartels_15708_beslissing-op-bezwaar-prefab-garages.md
ACM_010,ACM,ACM__kartels_16518_beslissing-op-bezwaar-Samskip.md,ACM__kartels_16518_beslissing-op-bezwaar-Samskip,.md,full_text\ACM__kartels_16518_beslissing-op-bezwaar-Samskip.md
ACM_011,ACM,ACM__ontheffing_12285_104259-ontheffingbesluit-albermarle.md,ACM__ontheffing_12285_104259-ontheffingbesluit-albermarle,.md,full_text\ACM__ontheffing_12285_104259-ontheffingbesluit-albermarle.md
ACM_012,ACM,ACM__ontheffing_12464_philips-electronics-nederland-besluit-ontheffing-gas-2013-12-30.md,ACM__ontheffing_12464_philips-electronics-nederland-besluit-ontheffing-gas-2013-12-30,.md,full_text\ACM__ontheffing_12464_philips-electronics-nederland-besluit-ontheffing-gas-2013-12-30.md
ACM_013,ACM,ACM__ontheffing_12482_besluit-koninklijke-cooperatieve-bloemenveiling-floraholland-ua-ontheffing-elektriciteit-2013-12-30.md,ACM__ontheffing_12482_besluit-koninklijke-cooperatieve-bloemenveiling-floraholland-ua-ontheffing-elektriciteit-2013-12-30,.md,full_text\ACM__ontheffing_12482_besluit-koninklijke-cooperatieve-bloemenveiling-floraholland-ua-ontheffing-elektriciteit-2013-12-30.md
ACM_014,ACM,ACM__ontheffing_12487_besluit-koninklijke-cooperatieve-bloemenveiling-floraholland-ua-ontheffing-elektriciteit-2013-12-30.md,ACM__ontheffing_12487_besluit-koninklijke-cooperatieve-bloemenveiling-floraholland-ua-ontheffing-elektriciteit-2013-12-30,.md,full_text\ACM__ontheffing_12487_besluit-koninklijke-cooperatieve-bloemenveiling-floraholland-ua-ontheffing-elektriciteit-2013-12-30.md
ACM_015,ACM,ACM__ontheffing_12494_besluit-shell-nederland-chemie-ontheffing-2013-12-30.md,ACM__ontheffing_12494_besluit-shell-nederland-chemie-ontheffing-2013-12-30,.md,full_text\ACM__ontheffing_12494_besluit-shell-nederland-chemie-ontheffing-2013-12-30.md
ACM_016,ACM,ACM__ontheffing_12550_besluit-dsm-delft-gas-2014-01-21.md,ACM__ontheffing_12550_besluit-dsm-delft-gas-2014-01-21,.md,full_text\ACM__ontheffing_12550_besluit-dsm-delft-gas-2014-01-21.md
ACM_017,ACM,ACM__ontheffing_12552_besluit-vishay-zwolle-elektriciteit-2014-01-21.md,ACM__ontheffing_12552_besluit-vishay-zwolle-elektriciteit-2014-01-21,.md,full_text\ACM__ontheffing_12552_besluit-vishay-zwolle-elektriciteit-2014-01-21.md
ACM_018,ACM,ACM__ontheffing_12627_besluit-ontheffing-elektriciteit-windnet-oost-flevoland-bv.md,ACM__ontheffing_12627_besluit-ontheffing-elektriciteit-windnet-oost-flevoland-bv,.md,full_text\ACM__ontheffing_12627_besluit-ontheffing-elektriciteit-windnet-oost-flevoland-bv.md
ACM_019,ACM,ACM__ontheffing_12631_besluit-ontheffing-elektriciteit-heros-energy-bv-sluiskil.md,ACM__ontheffing_12631_besluit-ontheffing-elektriciteit-heros-energy-bv-sluiskil,.md,full_text\ACM__ontheffing_12631_besluit-ontheffing-elektriciteit-heros-energy-bv-sluiskil.md
ACM_020,ACM,ACM__ontheffing_12632_besluit-ontheffing-elektriciteit-nxp-semiconductors-netherlands-bv.md,ACM__ontheffing_12632_besluit-ontheffing-elektriciteit-nxp-semiconductors-netherlands-bv,.md,full_text\ACM__ontheffing_12632_besluit-ontheffing-elektriciteit-nxp-semiconductors-netherlands-bv.md
ACM_021,ACM,ACM__ontheffing_12701_besluit-ontheffing-stichting-katholieke-universiteit-elektriciteit-2014-03-14.md,ACM__ontheffing_12701_besluit-ontheffing-stichting-katholieke-universiteit-elektriciteit-2014-03-14,.md,full_text\ACM__ontheffing_12701_besluit-ontheffing-stichting-katholieke-universiteit-elektriciteit-2014-03-14.md
ACM_022,ACM,ACM__ontheffing_12722_besluit-ontheffing-o-i-manufacturing-netherlands-bv-gas-2014-03-18.md,ACM__ontheffing_12722_besluit-ontheffing-o-i-manufacturing-netherlands-bv-gas-2014-03-18,.md,full_text\ACM__ontheffing_12722_besluit-ontheffing-o-i-manufacturing-netherlands-bv-gas-2014-03-18.md
ACM_023,ACM,ACM__ontheffing_12723_besluit-ontheffing-o-i-manufacturing-netherlands-bv-elektriciteit-2014-03-18.md,ACM__ontheffing_12723_besluit-ontheffing-o-i-manufacturing-netherlands-bv-elektriciteit-2014-03-18,.md,full_text\ACM__ontheffing_12723_besluit-ontheffing-o-i-manufacturing-netherlands-bv-elektriciteit-2014-03-18.md
ACM_024,ACM,ACM__ontheffing_12724_besluit-ontheffing-dsm-resins-elektriciteit-2014-03-18.md,ACM__ontheffing_12724_besluit-ontheffing-dsm-resins-elektriciteit-2014-03-18,.md,full_text\ACM__ontheffing_12724_besluit-ontheffing-dsm-resins-elektriciteit-2014-03-18.md
ACM_025,ACM,ACM__ontheffing_12725_besluit-ontheffing-dsm-resins-bv-gas-2014-03-18.md,ACM__ontheffing_12725_besluit-ontheffing-dsm-resins-bv-gas-2014-03-18,.md,full_text\ACM__ontheffing_12725_besluit-ontheffing-dsm-resins-bv-gas-2014-03-18.md
ACM_026,ACM,ACM__ontheffing_12739_besluit-ontheffing-nwo-elektriciteit.md,ACM__ontheffing_12739_besluit-ontheffing-nwo-elektriciteit,.md,full_text\ACM__ontheffing_12739_besluit-ontheffing-nwo-elektriciteit.md
ACM_027,ACM,ACM__ontheffing_12847_besluit-ontheffing-tessenderlo-chemie-rotterdam-bv-gas-2014-04-17.md,ACM__ontheffing_12847_besluit-ontheffing-tessenderlo-chemie-rotterdam-bv-gas-2014-04-17,.md,full_text\ACM__ontheffing_12847_besluit-ontheffing-tessenderlo-chemie-rotterdam-bv-gas-2014-04-17.md
ACM_028,ACM,ACM__ontheffing_12929_besluit-ontheffing-ect-home-elektriciteit-2014-05-19.md,ACM__ontheffing_12929_besluit-ontheffing-ect-home-elektriciteit-2014-05-19,.md,full_text\ACM__ontheffing_12929_besluit-ontheffing-ect-home-elektriciteit-2014-05-19.md
ACM_029,ACM,ACM__ontheffing_12978_kwekerij-mostert-nieuwerkerk-bv.md,ACM__ontheffing_12978_kwekerij-mostert-nieuwerkerk-bv,.md,full_text\ACM__ontheffing_12978_kwekerij-mostert-nieuwerkerk-bv.md
ACM_030,ACM,ACM__ontheffing_13036_Besluit-ontheffing-bp-raffinaderijrotterdam-elektriciteit-2014-06-08.md,ACM__ontheffing_13036_Besluit-ontheffing-bp-raffinaderijrotterdam-elektriciteit-2014-06-08,.md,full_text\ACM__ontheffing_13036_Besluit-ontheffing-bp-raffinaderijrotterdam-elektriciteit-2014-06-08.md
ACM_031,ACM,ACM__ontheffing_14638_besluit-ontheffing-elektriciteitsnet-stichting-katholieke-universiteit-nijmegen-2015-08-24.md,ACM__ontheffing_14638_besluit-ontheffing-elektriciteitsnet-stichting-katholieke-universiteit-nijmegen-2015-08-24,.md,full_text\ACM__ontheffing_14638_besluit-ontheffing-elektriciteitsnet-stichting-katholieke-universiteit-nijmegen-2015-08-24.md
ACM_032,ACM,ACM__ontheffing_14824_herzien-besluit-vopak-terminal-europoort.md,ACM__ontheffing_14824_herzien-besluit-vopak-terminal-europoort,.md,full_text\ACM__ontheffing_14824_herzien-besluit-vopak-terminal-europoort.md
ACM_033,ACM,ACM__ontheffing_14887_besluit-ontheffing-elektriciteitsnet-dordrecht-desco-cv-2015-10-20.md,ACM__ontheffing_14887_besluit-ontheffing-elektriciteitsnet-dordrecht-desco-cv-2015-10-20,.md,full_text\ACM__ontheffing_14887_besluit-ontheffing-elektriciteitsnet-dordrecht-desco-cv-2015-10-20.md
ACM_034,ACM,ACM__ontheffing_15141_besluit-ontheffing-elektriciteitsnet-bilthoven-biologicals-2015-12-30.md,ACM__ontheffing_15141_besluit-ontheffing-elektriciteitsnet-bilthoven-biologicals-2015-12-30,.md,full_text\ACM__ontheffing_15141_besluit-ontheffing-elektriciteitsnet-bilthoven-biologicals-2015-12-30.md
ACM_035,ACM,ACM__ontheffing_15143_besluit-ontheffing-gastranspornet-de-boer-dintelmond-vastgoed-2015-12-16.md,ACM__ontheffing_15143_besluit-ontheffing-gastranspornet-de-boer-dintelmond-vastgoed-2015-12-16,.md,full_text\ACM__ontheffing_15143_besluit-ontheffing-gastranspornet-de-boer-dintelmond-vastgoed-2015-12-16.md
ACM_036,ACM,ACM__ontheffing_16068_besluit-ontheffing-gastransportnet-technische-universiteit-eindhoven-2016-06-29.md,ACM__ontheffing_16068_besluit-ontheffing-gastransportnet-technische-universiteit-eindhoven-2016-06-29,.md,full_text\ACM__ontheffing_16068_besluit-ontheffing-gastransportnet-technische-universiteit-eindhoven-2016-06-29.md
ACM_037,ACM,ACM__ontheffing_16533_ontheffingsbesluit-landgoed-zonnestraal-elektriciteitsnet-2016-10-14.md,ACM__ontheffing_16533_ontheffingsbesluit-landgoed-zonnestraal-elektriciteitsnet-2016-10-14,.md,full_text\ACM__ontheffing_16533_ontheffingsbesluit-landgoed-zonnestraal-elektriciteitsnet-2016-10-14.md
ACM_038,ACM,ACM__ontheffing_16593_ontheffingsbesluit-technische-universiteit-delft-voor-elektriciteitsnet-te-delft-2016-11-01.md,ACM__ontheffing_16593_ontheffingsbesluit-technische-universiteit-delft-voor-elektriciteitsnet-te-delft-2016-11-01,.md,full_text\ACM__ontheffing_16593_ontheffingsbesluit-technische-universiteit-delft-voor-elektriciteitsnet-te-delft-2016-11-01.md
ACM_039,ACM,ACM__ontheffing_17173_17202168 webversie.md,ACM__ontheffing_17173_17202168 webversie,.md,full_text\ACM__ontheffing_17173_17202168 webversie.md
ACM_040,ACM,ACM__ontheffing_acm-verlengt-de-ontheffing-van-attero.md,ACM__ontheffing_acm-verlengt-de-ontheffing-van-attero,.md,full_text\ACM__ontheffing_acm-verlengt-de-ontheffing-van-attero.md
ACM_041,ACM,ACM__ontheffing_besluit-ontheffingsaanvraag-liander-gelijkstroomnet-lelystad.md,ACM__ontheffing_besluit-ontheffingsaanvraag-liander-gelijkstroomnet-lelystad,.md,full_text\ACM__ontheffing_besluit-ontheffingsaanvraag-liander-gelijkstroomnet-lelystad.md
ACM_042,ACM,ACM__ontheffing_besluit-ter-goedkeuring-van-de-methode-van-huntsman.md,ACM__ontheffing_besluit-ter-goedkeuring-van-de-methode-van-huntsman,.md,full_text\ACM__ontheffing_besluit-ter-goedkeuring-van-de-methode-van-huntsman.md
ACM_043,ACM,ACM__ontheffing_ontheffing-waterschap-amstel-gooi-en-vecht-ingetrokken-2018-05-17.md,ACM__ontheffing_ontheffing-waterschap-amstel-gooi-en-vecht-ingetrokken-2018-05-17,.md,full_text\ACM__ontheffing_ontheffing-waterschap-amstel-gooi-en-vecht-ingetrokken-2018-05-17.md
ACM_044,ACM,ACM__ontheffing_ontheffingsbesluit-akzo-elektriciteitsnet-2018-05-03.md,ACM__ontheffing_ontheffingsbesluit-akzo-elektriciteitsnet-2018-05-03,.md,full_text\ACM__ontheffing_ontheffingsbesluit-akzo-elektriciteitsnet-2018-05-03.md
ACM_045,ACM,ACM__ontheffing_openbare-versie-besluit-universiteit-twente-gas.md,ACM__ontheffing_openbare-versie-besluit-universiteit-twente-gas,.md,full_text\ACM__ontheffing_openbare-versie-besluit-universiteit-twente-gas.md
ACM_046,ACM,ACM__ontheffing_openbare-versie-ontheffingsbesluit-box-properties.md,ACM__ontheffing_openbare-versie-ontheffingsbesluit-box-properties,.md,full_text\ACM__ontheffing_openbare-versie-ontheffingsbesluit-box-properties.md
ACM_047,ACM,ACM__ontheffing_schiphol-nederland-mag-eigen-gastransportnet-beheren-te-schiphol-oost-2017-10-16.md,ACM__ontheffing_schiphol-nederland-mag-eigen-gastransportnet-beheren-te-schiphol-oost-2017-10-16,.md,full_text\ACM__ontheffing_schiphol-nederland-mag-eigen-gastransportnet-beheren-te-schiphol-oost-2017-10-16.md
ACM_048,ACM,ACM__ontheffing_wijzigingsbesluit-ontheffing-voor-het-gesloten-distributiesysteem-van-medisch-centrum-leeuwarden.md,ACM__ontheffing_wijzigingsbesluit-ontheffing-voor-het-gesloten-distributiesysteem-van-medisch-centrum-leeuwarden,.md,full_text\ACM__ontheffing_wijzigingsbesluit-ontheffing-voor-het-gesloten-distributiesysteem-van-medisch-centrum-leeuwarden.md
ACM_049,ACM,ACM__sanctie_11220_Boetebesluit Overtreding Telemarketingregels GDL.md,ACM__sanctie_11220_Boetebesluit Overtreding Telemarketingregels GDL,.md,full_text\ACM__sanctie_11220_Boetebesluit Overtreding Telemarketingregels GDL.md
ACM_050,ACM,ACM__sanctie_11252_aanvullend-besluit-in-de-zaak-ryanair -2013-05-16.md,ACM__sanctie_11252_aanvullend-besluit-in-de-zaak-ryanair -2013-05-16,.md,full_text\ACM__sanctie_11252_aanvullend-besluit-in-de-zaak-ryanair -2013-05-16.md
ACM_051,ACM,ACM__sanctie_11370_Besluit-op-bezwaar-in-zaak-6678.md,ACM__sanctie_11370_Besluit-op-bezwaar-in-zaak-6678,.md,full_text\ACM__sanctie_11370_Besluit-op-bezwaar-in-zaak-6678.md
ACM_052,ACM,ACM__sanctie_12871_boetebesluit-essent-voor-negeren-bel-me-niet-register-2014-03-26.md,ACM__sanctie_12871_boetebesluit-essent-voor-negeren-bel-me-niet-register-2014-03-26,.md,full_text\ACM__sanctie_12871_boetebesluit-essent-voor-negeren-bel-me-niet-register-2014-03-26.md
ACM_053,ACM,ACM__sanctie_14213_bob-aan-de-stegge-2007-10-01.md,ACM__sanctie_14213_bob-aan-de-stegge-2007-10-01,.md,full_text\ACM__sanctie_14213_bob-aan-de-stegge-2007-10-01.md
ACM_054,ACM,ACM__sanctie_14313_beslissing-op-bezwaar-kpn-zorgplicht-2014-06-13.md,ACM__sanctie_14313_beslissing-op-bezwaar-kpn-zorgplicht-2014-06-13,.md,full_text\ACM__sanctie_14313_beslissing-op-bezwaar-kpn-zorgplicht-2014-06-13.md
ACM_055,ACM,ACM__sanctie_14519_boete-kpn-voor-sdf-backhaul.md,ACM__sanctie_14519_boete-kpn-voor-sdf-backhaul,.md,full_text\ACM__sanctie_14519_boete-kpn-voor-sdf-backhaul.md
ACM_056,ACM,ACM__sanctie_14603_boete-leidinggevende-burg-heer-d-voor-kartelafspraken-2015-06-25.md,ACM__sanctie_14603_boete-leidinggevende-burg-heer-d-voor-kartelafspraken-2015-06-25,.md,full_text\ACM__sanctie_14603_boete-leidinggevende-burg-heer-d-voor-kartelafspraken-2015-06-25.md
ACM_057,ACM,ACM__sanctie_14611_geen-boete-voor-kartelafspraken-heer-c-carl-kuhne-kg-2015-06-25.md,ACM__sanctie_14611_geen-boete-voor-kartelafspraken-heer-c-carl-kuhne-kg-2015-06-25,.md,full_text\ACM__sanctie_14611_geen-boete-voor-kartelafspraken-heer-c-carl-kuhne-kg-2015-06-25.md
ACM_058,ACM,ACM__sanctie_15606_boetebesluit-koel-en-vrieshuizen-kloosbeheer-betuwe.md,ACM__sanctie_15606_boetebesluit-koel-en-vrieshuizen-kloosbeheer-betuwe,.md,full_text\ACM__sanctie_15606_boetebesluit-koel-en-vrieshuizen-kloosbeheer-betuwe.md
ACM_059,ACM,ACM__sanctie_16151_wijziging-boete-eimskip-koel-en-vrieshuizen-20160719.md,ACM__sanctie_16151_wijziging-boete-eimskip-koel-en-vrieshuizen-20160719,.md,full_text\ACM__sanctie_16151_wijziging-boete-eimskip-koel-en-vrieshuizen-20160719.md
ACM_060,ACM,ACM__sanctie_16371_boetebesluit-webwinkel-tom-new.md,ACM__sanctie_16371_boetebesluit-webwinkel-tom-new,.md,full_text\ACM__sanctie_16371_boetebesluit-webwinkel-tom-new.md
ACM_061,ACM,ACM__sanctie_besluit-boete-reisorganisator-voetbalontour.md,ACM__sanctie_besluit-boete-reisorganisator-voetbalontour,.md,full_text\ACM__sanctie_besluit-boete-reisorganisator-voetbalontour.md
ACM_062,ACM,ACM__sanctie_openbaar-besluit-garantieplicht-499490.md,ACM__sanctie_openbaar-besluit-garantieplicht-499490,.md,full_text\ACM__sanctie_openbaar-besluit-garantieplicht-499490.md
ACM_063,ACM,ACM__vergunning_10994_Intrekkingsbesluit trianel 122-203961.md,ACM__vergunning_10994_Intrekkingsbesluit trianel 122-203961,.md,full_text\ACM__vergunning_10994_Intrekkingsbesluit trianel 122-203961.md
ACM_064,ACM,ACM__vergunning_10994_intrekkingsbesluit trianel 2.md,ACM__vergunning_10994_intrekkingsbesluit trianel 2,.md,full_text\ACM__vergunning_10994_intrekkingsbesluit trianel 2.md
ACM_065,ACM,ACM__vergunning_11108_gazprom-marketing-trading-ltd-besluit-vergunning-gas-2011-07-01.md,ACM__vergunning_11108_gazprom-marketing-trading-ltd-besluit-vergunning-gas-2011-07-01,.md,full_text\ACM__vergunning_11108_gazprom-marketing-trading-ltd-besluit-vergunning-gas-2011-07-01.md
ACM_066,ACM,ACM__vergunning_11413_innova-energie-bv-besluit-vergunning-elektriciteit-2004-12-07.md,ACM__vergunning_11413_innova-energie-bv-besluit-vergunning-elektriciteit-2004-12-07,.md,full_text\ACM__vergunning_11413_innova-energie-bv-besluit-vergunning-elektriciteit-2004-12-07.md
ACM_067,ACM,ACM__vergunning_11420_qwint-bv-vergunning-gas.md,ACM__vergunning_11420_qwint-bv-vergunning-gas,.md,full_text\ACM__vergunning_11420_qwint-bv-vergunning-gas.md
ACM_068,ACM,ACM__vergunning_11422_102575-besluit-hello-yellow-vergunning-elektriciteit.md,ACM__vergunning_11422_102575-besluit-hello-yellow-vergunning-elektriciteit,.md,full_text\ACM__vergunning_11422_102575-besluit-hello-yellow-vergunning-elektriciteit.md
ACM_069,ACM,ACM__vergunning_11424_102569-besluit-hezelaer-energy-bv-vergunning-elektriciteit.md,ACM__vergunning_11424_102569-besluit-hezelaer-energy-bv-vergunning-elektriciteit,.md,full_text\ACM__vergunning_11424_102569-besluit-hezelaer-energy-bv-vergunning-elektriciteit.md
ACM_070,ACM,ACM__vergunning_11836_102574-kas-energie-nederland-bv-vergunning-elektriciteit.md,ACM__vergunning_11836_102574-kas-energie-nederland-bv-vergunning-elektriciteit,.md,full_text\ACM__vergunning_11836_102574-kas-energie-nederland-bv-vergunning-elektriciteit.md
ACM_071,ACM,ACM__vergunning_11883_cooperatieve-duurzame-energie-unie-ua-vergunning-gas.md,ACM__vergunning_11883_cooperatieve-duurzame-energie-unie-ua-vergunning-gas,.md,full_text\ACM__vergunning_11883_cooperatieve-duurzame-energie-unie-ua-vergunning-gas.md
ACM_072,ACM,ACM__vergunning_12777_nld-energie-ua-krijgt-vergunning-van-acm-voor-leveren-gas-2014-04-01.md,ACM__vergunning_12777_nld-energie-ua-krijgt-vergunning-van-acm-voor-leveren-gas-2014-04-01,.md,full_text\ACM__vergunning_12777_nld-energie-ua-krijgt-vergunning-van-acm-voor-leveren-gas-2014-04-01.md
ACM_073,ACM,ACM__vergunning_12805_wijziging-tenaamstelling-eneco-business-bv-in-eneco-zakelijk-bv-elektriciteit-2014-04-08.md,ACM__vergunning_12805_wijziging-tenaamstelling-eneco-business-bv-in-eneco-zakelijk-bv-elektriciteit-2014-04-08,.md,full_text\ACM__vergunning_12805_wijziging-tenaamstelling-eneco-business-bv-in-eneco-zakelijk-bv-elektriciteit-2014-04-08.md
ACM_074,ACM,ACM__vergunning_14260_besluit-ennatuurlijk-vergunning-warmte-2015-05-01.md,ACM__vergunning_14260_besluit-ennatuurlijk-vergunning-warmte-2015-05-01,.md,full_text\ACM__vergunning_14260_besluit-ennatuurlijk-vergunning-warmte-2015-05-01.md
ACM_075,ACM,ACM__vergunning_14825_intrekking-leveringsvergunning-elektriciteit-mkb-energie-2015-10-09.md,ACM__vergunning_14825_intrekking-leveringsvergunning-elektriciteit-mkb-energie-2015-10-09,.md,full_text\ACM__vergunning_14825_intrekking-leveringsvergunning-elektriciteit-mkb-energie-2015-10-09.md
ACM_076,ACM,ACM__vergunning_14910_de-unie-vergunning-elektriciteit-en-gas-2015-11-10.md,ACM__vergunning_14910_de-unie-vergunning-elektriciteit-en-gas-2015-11-10,.md,full_text\ACM__vergunning_14910_de-unie-vergunning-elektriciteit-en-gas-2015-11-10.md
ACM_077,ACM,ACM__vergunning_15096_vergunning-warmte-greenspread-2014.md,ACM__vergunning_15096_vergunning-warmte-greenspread-2014,.md,full_text\ACM__vergunning_15096_vergunning-warmte-greenspread-2014.md
ACM_078,ACM,ACM__vergunning_15415_vergunning-elektriciteit-naked-energy-2016-01-11.md,ACM__vergunning_15415_vergunning-elektriciteit-naked-energy-2016-01-11,.md,full_text\ACM__vergunning_15415_vergunning-elektriciteit-naked-energy-2016-01-11.md
ACM_079,ACM,ACM__vergunning_15477_vergunning-gas-electrabel-engie-retail-2016-01-25.md,ACM__vergunning_15477_vergunning-gas-electrabel-engie-retail-2016-01-25,.md,full_text\ACM__vergunning_15477_vergunning-gas-electrabel-engie-retail-2016-01-25.md
ACM_080,ACM,ACM__vergunning_15570_vergunning-vaanster-drie-warmte-20160308.md,ACM__vergunning_15570_vergunning-vaanster-drie-warmte-20160308,.md,full_text\ACM__vergunning_15570_vergunning-vaanster-drie-warmte-20160308.md
ACM_081,ACM,ACM__vergunning_15575_vergunning-westpoort-warmte-20160308.md,ACM__vergunning_15575_vergunning-westpoort-warmte-20160308,.md,full_text\ACM__vergunning_15575_vergunning-westpoort-warmte-20160308.md
ACM_082,ACM,ACM__vergunning_15576_vergunning-cofely-energy-solutions-warmte-20160308.md,ACM__vergunning_15576_vergunning-cofely-energy-solutions-warmte-20160308,.md,full_text\ACM__vergunning_15576_vergunning-cofely-energy-solutions-warmte-20160308.md
ACM_083,ACM,ACM__vergunning_15577_vergunning-delta-energy-vijf-warmte-20160308.md,ACM__vergunning_15577_vergunning-delta-energy-vijf-warmte-20160308,.md,full_text\ACM__vergunning_15577_vergunning-delta-energy-vijf-warmte-20160308.md
ACM_084,ACM,ACM__vergunning_15905_besluit-intrekken-vergunning-twence.md,ACM__vergunning_15905_besluit-intrekken-vergunning-twence,.md,full_text\ACM__vergunning_15905_besluit-intrekken-vergunning-twence.md
ACM_085,ACM,ACM__vergunning_16103_wijziging-tenaamstelling-vergunning-cofely.md,ACM__vergunning_16103_wijziging-tenaamstelling-vergunning-cofely,.md,full_text\ACM__vergunning_16103_wijziging-tenaamstelling-vergunning-cofely.md
ACM_086,ACM,ACM__vergunning_16311_besluit-energievergunning-kas-energie-nederland.md,ACM__vergunning_16311_besluit-energievergunning-kas-energie-nederland,.md,full_text\ACM__vergunning_16311_besluit-energievergunning-kas-energie-nederland.md
ACM_087,ACM,ACM__vergunning_17052_besluit-gas-e-energy.md,ACM__vergunning_17052_besluit-gas-e-energy,.md,full_text\ACM__vergunning_17052_besluit-gas-e-energy.md
ACM_088,ACM,ACM__vergunning_17300_besluit-intrekking-vergunning-delta-voor-leveren-warmte-2017-05-12.md,ACM__vergunning_17300_besluit-intrekking-vergunning-delta-voor-leveren-warmte-2017-05-12,.md,full_text\ACM__vergunning_17300_besluit-intrekking-vergunning-delta-voor-leveren-warmte-2017-05-12.md
ACM_089,ACM,ACM__vergunning_17509_besluit-vergunning-gas-holthausen-clean-energy-bv-31-07-2017.md,ACM__vergunning_17509_besluit-vergunning-gas-holthausen-clean-energy-bv-31-07-2017,.md,full_text\ACM__vergunning_17509_besluit-vergunning-gas-holthausen-clean-energy-bv-31-07-2017.md
ACM_090,ACM,ACM__vergunning_17514_besluit-vergunning-elektriciteit--holthausen-clean-energy-bv-31-07-2017.md,ACM__vergunning_17514_besluit-vergunning-elektriciteit--holthausen-clean-energy-bv-31-07-2017,.md,full_text\ACM__vergunning_17514_besluit-vergunning-elektriciteit--holthausen-clean-energy-bv-31-07-2017.md
ACM_091,ACM,ACM__vergunning_17515_besluit-elektriciteit-e-energy-10-03-2017.md,ACM__vergunning_17515_besluit-elektriciteit-e-energy-10-03-2017,.md,full_text\ACM__vergunning_17515_besluit-elektriciteit-e-energy-10-03-2017.md
ACM_092,ACM,ACM__vergunning_besluit-intrekken-vergunning-elektriciteit-energie-der-nederlanden.md,ACM__vergunning_besluit-intrekken-vergunning-elektriciteit-energie-der-nederlanden,.md,full_text\ACM__vergunning_besluit-intrekken-vergunning-elektriciteit-energie-der-nederlanden.md
ACM_093,ACM,ACM__vergunning_besluit-ventum-mag-elektriciteit-leveren-aan-kleinverbruikers.md,ACM__vergunning_besluit-ventum-mag-elektriciteit-leveren-aan-kleinverbruikers,.md,full_text\ACM__vergunning_besluit-ventum-mag-elektriciteit-leveren-aan-kleinverbruikers.md
ACM_094,ACM,ACM__vergunning_besluit-vergunningaanvraag-elektriciteit-e-bascuul-buiten-behandeling-gesteld.md,ACM__vergunning_besluit-vergunningaanvraag-elektriciteit-e-bascuul-buiten-behandeling-gesteld,.md,full_text\ACM__vergunning_besluit-vergunningaanvraag-elektriciteit-e-bascuul-buiten-behandeling-gesteld.md
ACM_095,ACM,ACM__vergunning_besluit-vergunningaanvraag-gas-e-bascuul-buiten-behandeling-gesteld.md,ACM__vergunning_besluit-vergunningaanvraag-gas-e-bascuul-buiten-behandeling-gesteld,.md,full_text\ACM__vergunning_besluit-vergunningaanvraag-gas-e-bascuul-buiten-behandeling-gesteld.md
ACM_096,ACM,ACM__vergunning_vergunning-elektriciteit-greenspread-komt-op-naam-van-neosmart.md,ACM__vergunning_vergunning-elektriciteit-greenspread-komt-op-naam-van-neosmart,.md,full_text\ACM__vergunning_vergunning-elektriciteit-greenspread-komt-op-naam-van-neosmart.md
ACM_097,ACM,ACM__vergunning_vergunning-elektriciteit-kernion-komt-op-naam-van-newenergy.md,ACM__vergunning_vergunning-elektriciteit-kernion-komt-op-naam-van-newenergy,.md,full_text\ACM__vergunning_vergunning-elektriciteit-kernion-komt-op-naam-van-newenergy.md
ACM_098,ACM,ACM__vergunning_vergunning-warmte-icon-lightyear-wko-komt-op-naam-van-eteck-warmte-new-babylon.md,ACM__vergunning_vergunning-warmte-icon-lightyear-wko-komt-op-naam-van-eteck-warmte-new-babylon,.md,full_text\ACM__vergunning_vergunning-warmte-icon-lightyear-wko-komt-op-naam-van-eteck-warmte-new-babylon.md
ACM_099,ACM,ACM__vergunning_verzoek-wijziging-vergunning-ziekenhuis-walcheren-oosterscheldeziekenhuizen.md,ACM__vergunning_verzoek-wijziging-vergunning-ziekenhuis-walcheren-oosterscheldeziekenhuizen,.md,full_text\ACM__vergunning_verzoek-wijziging-vergunning-ziekenhuis-walcheren-oosterscheldeziekenhuizen.md
ACM_100,ACM,ACM__vergunning_warmte-vergunning-unica-ecopower.md,ACM__vergunning_warmte-vergunning-unica-ecopower,.md,full_text\ACM__vergunning_warmte-vergunning-unica-ecopower.md
ANVS_001,ANVS,ANVS__PUC_1019_32_1.md,ANVS__PUC_1019_32_1,.md,full_text\ANVS__PUC_1019_32_1.md
ANVS_002,ANVS,ANVS__PUC_1278_32_1.md,ANVS__PUC_1278_32_1,.md,full_text\ANVS__PUC_1278_32_1.md
ANVS_003,ANVS,ANVS__PUC_1346_32_1.md,ANVS__PUC_1346_32_1,.md,full_text\ANVS__PUC_1346_32_1.md
ANVS_004,ANVS,ANVS__PUC_1472_32_1.md,ANVS__PUC_1472_32_1,.md,full_text\ANVS__PUC_1472_32_1.md
ANVS_005,ANVS,ANVS__PUC_1522_32_1.md,ANVS__PUC_1522_32_1,.md,full_text\ANVS__PUC_1522_32_1.md
ANVS_006,ANVS,ANVS__PUC_1559_32_1.md,ANVS__PUC_1559_32_1,.md,full_text\ANVS__PUC_1559_32_1.md
ANVS_007,ANVS,ANVS__PUC_1853_32_1.md,ANVS__PUC_1853_32_1,.md,full_text\ANVS__PUC_1853_32_1.md
ANVS_008,ANVS,ANVS__PUC_1942_32_1.md,ANVS__PUC_1942_32_1,.md,full_text\ANVS__PUC_1942_32_1.md
ANVS_009,ANVS,ANVS__PUC_2053_32_1.md,ANVS__PUC_2053_32_1,.md,full_text\ANVS__PUC_2053_32_1.md
ANVS_010,ANVS,ANVS__PUC_209_32_1.md,ANVS__PUC_209_32_1,.md,full_text\ANVS__PUC_209_32_1.md
ANVS_011,ANVS,ANVS__PUC_2293_32_1.md,ANVS__PUC_2293_32_1,.md,full_text\ANVS__PUC_2293_32_1.md
ANVS_012,ANVS,ANVS__PUC_251_32_1.md,ANVS__PUC_251_32_1,.md,full_text\ANVS__PUC_251_32_1.md
ANVS_013,ANVS,ANVS__PUC_253_32_1.md,ANVS__PUC_253_32_1,.md,full_text\ANVS__PUC_253_32_1.md
ANVS_014,ANVS,ANVS__PUC_275_32_1.md,ANVS__PUC_275_32_1,.md,full_text\ANVS__PUC_275_32_1.md
ANVS_015,ANVS,ANVS__PUC_2918_32_1.md,ANVS__PUC_2918_32_1,.md,full_text\ANVS__PUC_2918_32_1.md
ANVS_016,ANVS,ANVS__PUC_2936_32_1.md,ANVS__PUC_2936_32_1,.md,full_text\ANVS__PUC_2936_32_1.md
ANVS_017,ANVS,ANVS__PUC_3014_32_1.md,ANVS__PUC_3014_32_1,.md,full_text\ANVS__PUC_3014_32_1.md
ANVS_018,ANVS,ANVS__PUC_3020_32_1.md,ANVS__PUC_3020_32_1,.md,full_text\ANVS__PUC_3020_32_1.md
ANVS_019,ANVS,ANVS__PUC_3165_32_1.md,ANVS__PUC_3165_32_1,.md,full_text\ANVS__PUC_3165_32_1.md
ANVS_020,ANVS,ANVS__PUC_3310_32_1.md,ANVS__PUC_3310_32_1,.md,full_text\ANVS__PUC_3310_32_1.md
ANVS_021,ANVS,ANVS__PUC_3667_32_1.md,ANVS__PUC_3667_32_1,.md,full_text\ANVS__PUC_3667_32_1.md
ANVS_022,ANVS,ANVS__PUC_3692_32_1.md,ANVS__PUC_3692_32_1,.md,full_text\ANVS__PUC_3692_32_1.md
ANVS_023,ANVS,ANVS__PUC_3848_32_1.md,ANVS__PUC_3848_32_1,.md,full_text\ANVS__PUC_3848_32_1.md
ANVS_024,ANVS,ANVS__PUC_3859_32_1.md,ANVS__PUC_3859_32_1,.md,full_text\ANVS__PUC_3859_32_1.md
ANVS_025,ANVS,ANVS__PUC_3905_32_1.md,ANVS__PUC_3905_32_1,.md,full_text\ANVS__PUC_3905_32_1.md
ANVS_026,ANVS,ANVS__PUC_3976_32_1.md,ANVS__PUC_3976_32_1,.md,full_text\ANVS__PUC_3976_32_1.md
ANVS_027,ANVS,ANVS__PUC_3978_32_1.md,ANVS__PUC_3978_32_1,.md,full_text\ANVS__PUC_3978_32_1.md
ANVS_028,ANVS,ANVS__PUC_4006_32_1.md,ANVS__PUC_4006_32_1,.md,full_text\ANVS__PUC_4006_32_1.md
ANVS_029,ANVS,ANVS__PUC_4096_32_1.md,ANVS__PUC_4096_32_1,.md,full_text\ANVS__PUC_4096_32_1.md
ANVS_030,ANVS,ANVS__PUC_4182_32_1.md,ANVS__PUC_4182_32_1,.md,full_text\ANVS__PUC_4182_32_1.md
ANVS_031,ANVS,ANVS__PUC_4207_32_1.md,ANVS__PUC_4207_32_1,.md,full_text\ANVS__PUC_4207_32_1.md
ANVS_032,ANVS,ANVS__PUC_4247_32_1.md,ANVS__PUC_4247_32_1,.md,full_text\ANVS__PUC_4247_32_1.md
ANVS_033,ANVS,ANVS__PUC_4336_32_1.md,ANVS__PUC_4336_32_1,.md,full_text\ANVS__PUC_4336_32_1.md
ANVS_034,ANVS,ANVS__PUC_4345_32_1.md,ANVS__PUC_4345_32_1,.md,full_text\ANVS__PUC_4345_32_1.md
ANVS_035,ANVS,ANVS__PUC_462_32_1.md,ANVS__PUC_462_32_1,.md,full_text\ANVS__PUC_462_32_1.md
ANVS_036,ANVS,ANVS__PUC_519_32_1.md,ANVS__PUC_519_32_1,.md,full_text\ANVS__PUC_519_32_1.md
ANVS_037,ANVS,ANVS__PUC_5379_32_1.md,ANVS__PUC_5379_32_1,.md,full_text\ANVS__PUC_5379_32_1.md
ANVS_038,ANVS,ANVS__PUC_544_32_1.md,ANVS__PUC_544_32_1,.md,full_text\ANVS__PUC_544_32_1.md
ANVS_039,ANVS,ANVS__PUC_5471_32_1.md,ANVS__PUC_5471_32_1,.md,full_text\ANVS__PUC_5471_32_1.md
ANVS_040,ANVS,ANVS__PUC_5609_32_1.md,ANVS__PUC_5609_32_1,.md,full_text\ANVS__PUC_5609_32_1.md
ANVS_041,ANVS,ANVS__PUC_5657_32_1.md,ANVS__PUC_5657_32_1,.md,full_text\ANVS__PUC_5657_32_1.md
ANVS_042,ANVS,ANVS__PUC_5767_32_1.md,ANVS__PUC_5767_32_1,.md,full_text\ANVS__PUC_5767_32_1.md
ANVS_043,ANVS,ANVS__PUC_5825_32_1.md,ANVS__PUC_5825_32_1,.md,full_text\ANVS__PUC_5825_32_1.md
ANVS_044,ANVS,ANVS__PUC_5842_32_1.md,ANVS__PUC_5842_32_1,.md,full_text\ANVS__PUC_5842_32_1.md
ANVS_045,ANVS,ANVS__PUC_5845_32_1.md,ANVS__PUC_5845_32_1,.md,full_text\ANVS__PUC_5845_32_1.md
ANVS_046,ANVS,ANVS__PUC_5924_32_1.md,ANVS__PUC_5924_32_1,.md,full_text\ANVS__PUC_5924_32_1.md
ANVS_047,ANVS,ANVS__PUC_601_32_1.md,ANVS__PUC_601_32_1,.md,full_text\ANVS__PUC_601_32_1.md
ANVS_048,ANVS,ANVS__PUC_6104_32_1.md,ANVS__PUC_6104_32_1,.md,full_text\ANVS__PUC_6104_32_1.md
ANVS_049,ANVS,ANVS__PUC_6189_32_1.md,ANVS__PUC_6189_32_1,.md,full_text\ANVS__PUC_6189_32_1.md
ANVS_050,ANVS,ANVS__PUC_6333_32_1.md,ANVS__PUC_6333_32_1,.md,full_text\ANVS__PUC_6333_32_1.md
ANVS_051,ANVS,ANVS__PUC_6791_32_1.md,ANVS__PUC_6791_32_1,.md,full_text\ANVS__PUC_6791_32_1.md
ANVS_052,ANVS,ANVS__PUC_6871_32_1.md,ANVS__PUC_6871_32_1,.md,full_text\ANVS__PUC_6871_32_1.md
ANVS_053,ANVS,ANVS__PUC_6938_32_1.md,ANVS__PUC_6938_32_1,.md,full_text\ANVS__PUC_6938_32_1.md
ANVS_054,ANVS,ANVS__PUC_694869_32_1.md,ANVS__PUC_694869_32_1,.md,full_text\ANVS__PUC_694869_32_1.md
ANVS_055,ANVS,ANVS__PUC_702_32_1.md,ANVS__PUC_702_32_1,.md,full_text\ANVS__PUC_702_32_1.md
ANVS_056,ANVS,ANVS__PUC_705473_32_1.md,ANVS__PUC_705473_32_1,.md,full_text\ANVS__PUC_705473_32_1.md
ANVS_057,ANVS,ANVS__PUC_7065_32_1.md,ANVS__PUC_7065_32_1,.md,full_text\ANVS__PUC_7065_32_1.md
ANVS_058,ANVS,ANVS__PUC_7107_32_1.md,ANVS__PUC_7107_32_1,.md,full_text\ANVS__PUC_7107_32_1.md
ANVS_059,ANVS,ANVS__PUC_718493_32_1.md,ANVS__PUC_718493_32_1,.md,full_text\ANVS__PUC_718493_32_1.md
ANVS_060,ANVS,ANVS__PUC_719179_32_1.md,ANVS__PUC_719179_32_1,.md,full_text\ANVS__PUC_719179_32_1.md
ANVS_061,ANVS,ANVS__PUC_721481_32_1.md,ANVS__PUC_721481_32_1,.md,full_text\ANVS__PUC_721481_32_1.md
ANVS_062,ANVS,ANVS__PUC_721539_32_1.md,ANVS__PUC_721539_32_1,.md,full_text\ANVS__PUC_721539_32_1.md
ANVS_063,ANVS,ANVS__PUC_722839_32_1.md,ANVS__PUC_722839_32_1,.md,full_text\ANVS__PUC_722839_32_1.md
ANVS_064,ANVS,ANVS__PUC_724134_32_1.md,ANVS__PUC_724134_32_1,.md,full_text\ANVS__PUC_724134_32_1.md
ANVS_065,ANVS,ANVS__PUC_728686_32_1.md,ANVS__PUC_728686_32_1,.md,full_text\ANVS__PUC_728686_32_1.md
ANVS_066,ANVS,ANVS__PUC_7288_32_1.md,ANVS__PUC_7288_32_1,.md,full_text\ANVS__PUC_7288_32_1.md
ANVS_067,ANVS,ANVS__PUC_729830_32_1.md,ANVS__PUC_729830_32_1,.md,full_text\ANVS__PUC_729830_32_1.md
ANVS_068,ANVS,ANVS__PUC_731277_32_1.md,ANVS__PUC_731277_32_1,.md,full_text\ANVS__PUC_731277_32_1.md
ANVS_069,ANVS,ANVS__PUC_731804_32_1.md,ANVS__PUC_731804_32_1,.md,full_text\ANVS__PUC_731804_32_1.md
ANVS_070,ANVS,ANVS__PUC_732934_32_1.md,ANVS__PUC_732934_32_1,.md,full_text\ANVS__PUC_732934_32_1.md
ANVS_071,ANVS,ANVS__PUC_745045_32_1.md,ANVS__PUC_745045_32_1,.md,full_text\ANVS__PUC_745045_32_1.md
ANVS_072,ANVS,ANVS__PUC_746323_32_1.md,ANVS__PUC_746323_32_1,.md,full_text\ANVS__PUC_746323_32_1.md
ANVS_073,ANVS,ANVS__PUC_748890_32_1.md,ANVS__PUC_748890_32_1,.md,full_text\ANVS__PUC_748890_32_1.md
ANVS_074,ANVS,ANVS__PUC_7491_32_1.md,ANVS__PUC_7491_32_1,.md,full_text\ANVS__PUC_7491_32_1.md
ANVS_075,ANVS,ANVS__PUC_751197_32_1.md,ANVS__PUC_751197_32_1,.md,full_text\ANVS__PUC_751197_32_1.md
ANVS_076,ANVS,ANVS__PUC_751675_32_1.md,ANVS__PUC_751675_32_1,.md,full_text\ANVS__PUC_751675_32_1.md
ANVS_077,ANVS,ANVS__PUC_7570_32_1.md,ANVS__PUC_7570_32_1,.md,full_text\ANVS__PUC_7570_32_1.md
ANVS_078,ANVS,ANVS__PUC_759074_32_1.md,ANVS__PUC_759074_32_1,.md,full_text\ANVS__PUC_759074_32_1.md
ANVS_079,ANVS,ANVS__PUC_766398_32_1.md,ANVS__PUC_766398_32_1,.md,full_text\ANVS__PUC_766398_32_1.md
ANVS_080,ANVS,ANVS__PUC_7672_32_1.md,ANVS__PUC_7672_32_1,.md,full_text\ANVS__PUC_7672_32_1.md
ANVS_081,ANVS,ANVS__PUC_769770_32_1.md,ANVS__PUC_769770_32_1,.md,full_text\ANVS__PUC_769770_32_1.md
ANVS_082,ANVS,ANVS__PUC_7731_32_1.md,ANVS__PUC_7731_32_1,.md,full_text\ANVS__PUC_7731_32_1.md
ANVS_083,ANVS,ANVS__PUC_7733_32_1.md,ANVS__PUC_7733_32_1,.md,full_text\ANVS__PUC_7733_32_1.md
ANVS_084,ANVS,ANVS__PUC_781265_32_1.md,ANVS__PUC_781265_32_1,.md,full_text\ANVS__PUC_781265_32_1.md
ANVS_085,ANVS,ANVS__PUC_7816_32_1.md,ANVS__PUC_7816_32_1,.md,full_text\ANVS__PUC_7816_32_1.md
ANVS_086,ANVS,ANVS__PUC_795873_32_1.md,ANVS__PUC_795873_32_1,.md,full_text\ANVS__PUC_795873_32_1.md
ANVS_087,ANVS,ANVS__PUC_802034_32_1.md,ANVS__PUC_802034_32_1,.md,full_text\ANVS__PUC_802034_32_1.md
ANVS_088,ANVS,ANVS__PUC_8046_32_1.md,ANVS__PUC_8046_32_1,.md,full_text\ANVS__PUC_8046_32_1.md
ANVS_089,ANVS,ANVS__PUC_810911_32_1.md,ANVS__PUC_810911_32_1,.md,full_text\ANVS__PUC_810911_32_1.md
ANVS_090,ANVS,ANVS__PUC_810_32_1.md,ANVS__PUC_810_32_1,.md,full_text\ANVS__PUC_810_32_1.md
ANVS_091,ANVS,ANVS__PUC_811559_32_1.md,ANVS__PUC_811559_32_1,.md,full_text\ANVS__PUC_811559_32_1.md
ANVS_092,ANVS,ANVS__PUC_815278_32_1.md,ANVS__PUC_815278_32_1,.md,full_text\ANVS__PUC_815278_32_1.md
ANVS_093,ANVS,ANVS__PUC_815310_32_1.md,ANVS__PUC_815310_32_1,.md,full_text\ANVS__PUC_815310_32_1.md
ANVS_094,ANVS,ANVS__PUC_819307_32_1.md,ANVS__PUC_819307_32_1,.md,full_text\ANVS__PUC_819307_32_1.md
ANVS_095,ANVS,ANVS__PUC_822715_32_1.md,ANVS__PUC_822715_32_1,.md,full_text\ANVS__PUC_822715_32_1.md
ANVS_096,ANVS,ANVS__PUC_823240_32_1.md,ANVS__PUC_823240_32_1,.md,full_text\ANVS__PUC_823240_32_1.md
ANVS_097,ANVS,ANVS__PUC_823250_32_1.md,ANVS__PUC_823250_32_1,.md,full_text\ANVS__PUC_823250_32_1.md
ANVS_098,ANVS,ANVS__PUC_8316_32_1.md,ANVS__PUC_8316_32_1,.md,full_text\ANVS__PUC_8316_32_1.md
ANVS_099,ANVS,ANVS__PUC_8412_32_1.md,ANVS__PUC_8412_32_1,.md,full_text\ANVS__PUC_8412_32_1.md
ANVS_100,ANVS,ANVS__PUC_8658_32_1.md,ANVS__PUC_8658_32_1,.md,full_text\ANVS__PUC_8658_32_1.md
AP_001,AP,Autoriteit_Persoonsgegevens__https___www.autoriteitpersoonsgegevens.nl_system_files_file=2024-05_Besluit%20vergunning%20collectief%20horecaverbod%20Brede%20Bossche%20Binnenstad.md,Autoriteit_Persoonsgegevens__https___www.autoriteitpersoonsgegevens.nl_system_files_file=2024-05_Besluit%20vergunning%20collectief%20horecaverbod%20Brede%20Bossche%20Binnenstad,.md,full_text\Autoriteit_Persoonsgegevens__https___www.autoriteitpersoonsgegevens.nl_system_files_file=2024-05_Besluit%20vergunning%20collectief%20horecaverbod%20Brede%20Bossche%20Binnenstad.md
AP_002,AP,Autoriteit_Persoonsgegevens__https___www.autoriteitpersoonsgegevens.nl_system_files_file=2024-05_Besluit%20vergunning%20collectief%20winkelverbod%20Spakenburg.pdf.md,Autoriteit_Persoonsgegevens__https___www.autoriteitpersoonsgegevens.nl_system_files_file=2024-05_Besluit%20vergunning%20collectief%20winkelverbod%20Spakenburg.pdf,.md,full_text\Autoriteit_Persoonsgegevens__https___www.autoriteitpersoonsgegevens.nl_system_files_file=2024-05_Besluit%20vergunning%20collectief%20winkelverbod%20Spakenburg.pdf.md
AP_003,AP,Autoriteit_Persoonsgegevens__https___www.autoriteitpersoonsgegevens.nl_system_files_file=2024-06_Besluit%20boete%20APG.pdf.md,Autoriteit_Persoonsgegevens__https___www.autoriteitpersoonsgegevens.nl_system_files_file=2024-06_Besluit%20boete%20APG.pdf,.md,full_text\Autoriteit_Persoonsgegevens__https___www.autoriteitpersoonsgegevens.nl_system_files_file=2024-06_Besluit%20boete%20APG.pdf.md
AP_004,AP,Autoriteit_Persoonsgegevens__https___www.autoriteitpersoonsgegevens.nl_system_files_file=2024-06_Besluit%20vergunning%20collectief%20winkelverbod%20binnenstad%20Tiel.pdf.md,Autoriteit_Persoonsgegevens__https___www.autoriteitpersoonsgegevens.nl_system_files_file=2024-06_Besluit%20vergunning%20collectief%20winkelverbod%20binnenstad%20Tiel.pdf,.md,full_text\Autoriteit_Persoonsgegevens__https___www.autoriteitpersoonsgegevens.nl_system_files_file=2024-06_Besluit%20vergunning%20collectief%20winkelverbod%20binnenstad%20Tiel.pdf.md
AP_005,AP,Autoriteit_Persoonsgegevens__https___www.autoriteitpersoonsgegevens.nl_system_files_file=2024-06_Besluit%20vergunning%20collectief%20winkelverbod%20Carnisse%20Veste.md,Autoriteit_Persoonsgegevens__https___www.autoriteitpersoonsgegevens.nl_system_files_file=2024-06_Besluit%20vergunning%20collectief%20winkelverbod%20Carnisse%20Veste,.md,full_text\Autoriteit_Persoonsgegevens__https___www.autoriteitpersoonsgegevens.nl_system_files_file=2024-06_Besluit%20vergunning%20collectief%20winkelverbod%20Carnisse%20Veste.md
AP_006,AP,Autoriteit_Persoonsgegevens__https___www.autoriteitpersoonsgegevens.nl_system_files_file=2024-06_Besluit%20vergunning%20collectief%20winkelverbod%20Kern%20Bennekom.md,Autoriteit_Persoonsgegevens__https___www.autoriteitpersoonsgegevens.nl_system_files_file=2024-06_Besluit%20vergunning%20collectief%20winkelverbod%20Kern%20Bennekom,.md,full_text\Autoriteit_Persoonsgegevens__https___www.autoriteitpersoonsgegevens.nl_system_files_file=2024-06_Besluit%20vergunning%20collectief%20winkelverbod%20Kern%20Bennekom.md
AP_007,AP,Autoriteit_persoonsgegevens__https___www.autoriteitpersoonsgegevens.nl_system_files_file=2024-06_Besluit%20vergunning%20collectieve%20horecaontzegging%20binnenstad%20Zutphen.pdf.md,Autoriteit_persoonsgegevens__https___www.autoriteitpersoonsgegevens.nl_system_files_file=2024-06_Besluit%20vergunning%20collectieve%20horecaontzegging%20binnenstad%20Zutphen.pdf,.md,full_text\Autoriteit_persoonsgegevens__https___www.autoriteitpersoonsgegevens.nl_system_files_file=2024-06_Besluit%20vergunning%20collectieve%20horecaontzegging%20binnenstad%20Zutphen.pdf.md
AP_008,AP,Autoriteit_Persoonsgegevens__https___www.autoriteitpersoonsgegevens.nl_system_files_file=2024-07_Besluit%20vergunning%20collectief%20winkelverbod%20Binnenstad%20Tilburg.md,Autoriteit_Persoonsgegevens__https___www.autoriteitpersoonsgegevens.nl_system_files_file=2024-07_Besluit%20vergunning%20collectief%20winkelverbod%20Binnenstad%20Tilburg,.md,full_text\Autoriteit_Persoonsgegevens__https___www.autoriteitpersoonsgegevens.nl_system_files_file=2024-07_Besluit%20vergunning%20collectief%20winkelverbod%20Binnenstad%20Tilburg.md
AP_009,AP,Autoriteit_Persoonsgegevens__https___www.autoriteitpersoonsgegevens.nl_system_files_file=2024-07_Besluit%20vergunning%20collectieve%20horecaontzetting%20Gemeente%20Haarlem.md,Autoriteit_Persoonsgegevens__https___www.autoriteitpersoonsgegevens.nl_system_files_file=2024-07_Besluit%20vergunning%20collectieve%20horecaontzetting%20Gemeente%20Haarlem,.md,full_text\Autoriteit_Persoonsgegevens__https___www.autoriteitpersoonsgegevens.nl_system_files_file=2024-07_Besluit%20vergunning%20collectieve%20horecaontzetting%20Gemeente%20Haarlem.md
AP_010,AP,Autoriteit_Persoonsgegevens__https___www.autoriteitpersoonsgegevens.nl_system_files_file=2024-08_Besluit%20boete%20Uber%20doorgifte%20naar%20VS.md,Autoriteit_Persoonsgegevens__https___www.autoriteitpersoonsgegevens.nl_system_files_file=2024-08_Besluit%20boete%20Uber%20doorgifte%20naar%20VS,.md,full_text\Autoriteit_Persoonsgegevens__https___www.autoriteitpersoonsgegevens.nl_system_files_file=2024-08_Besluit%20boete%20Uber%20doorgifte%20naar%20VS.md
AP_011,AP,Autoriteit_Persoonsgegevens__https___www.autoriteitpersoonsgegevens.nl_system_files_file=2024-08_Besluit%20vergunning%20collectieve%20horecaontzegging%20Alkmaar%202.md,Autoriteit_Persoonsgegevens__https___www.autoriteitpersoonsgegevens.nl_system_files_file=2024-08_Besluit%20vergunning%20collectieve%20horecaontzegging%20Alkmaar%202,.md,full_text\Autoriteit_Persoonsgegevens__https___www.autoriteitpersoonsgegevens.nl_system_files_file=2024-08_Besluit%20vergunning%20collectieve%20horecaontzegging%20Alkmaar%202.md
AP_012,AP,Autoriteit_Persoonsgegevens__https___www.autoriteitpersoonsgegevens.nl_system_files_file=2024-09_Besluit%20boete%20en%20lasten%20onder%20dwangsom%20Clearview.md,Autoriteit_Persoonsgegevens__https___www.autoriteitpersoonsgegevens.nl_system_files_file=2024-09_Besluit%20boete%20en%20lasten%20onder%20dwangsom%20Clearview,.md,full_text\Autoriteit_Persoonsgegevens__https___www.autoriteitpersoonsgegevens.nl_system_files_file=2024-09_Besluit%20boete%20en%20lasten%20onder%20dwangsom%20Clearview.md
AP_013,AP,Autoriteit_Persoonsgegevens__https___www.autoriteitpersoonsgegevens.nl_system_files_file=2024-09_Besluit%20vergunning%20collectief%20winkelverbod%20Lombok%20en%20Leidseweg%20%28Utrecht%29.md,Autoriteit_Persoonsgegevens__https___www.autoriteitpersoonsgegevens.nl_system_files_file=2024-09_Besluit%20vergunning%20collectief%20winkelverbod%20Lombok%20en%20Leidseweg%20%28Utrecht%29,.md,full_text\Autoriteit_Persoonsgegevens__https___www.autoriteitpersoonsgegevens.nl_system_files_file=2024-09_Besluit%20vergunning%20collectief%20winkelverbod%20Lombok%20en%20Leidseweg%20%28Utrecht%29.md
AP_014,AP,Autoriteit_Persoonsgegevens__https___www.autoriteitpersoonsgegevens.nl_system_files_file=2024-10_Besluit%20vergunning%20collectieve%20horecaontzegging%20Harderwijk.md,Autoriteit_Persoonsgegevens__https___www.autoriteitpersoonsgegevens.nl_system_files_file=2024-10_Besluit%20vergunning%20collectieve%20horecaontzegging%20Harderwijk,.md,full_text\Autoriteit_Persoonsgegevens__https___www.autoriteitpersoonsgegevens.nl_system_files_file=2024-10_Besluit%20vergunning%20collectieve%20horecaontzegging%20Harderwijk.md
AP_015,AP,Autoriteit_Persoonsgegevens__https___www.autoriteitpersoonsgegevens.nl_system_files_file=2024-11_Besluit%20vergunning%20collectief%20winkelverbod%20Muntplein%20Nieuwegein.md,Autoriteit_Persoonsgegevens__https___www.autoriteitpersoonsgegevens.nl_system_files_file=2024-11_Besluit%20vergunning%20collectief%20winkelverbod%20Muntplein%20Nieuwegein,.md,full_text\Autoriteit_Persoonsgegevens__https___www.autoriteitpersoonsgegevens.nl_system_files_file=2024-11_Besluit%20vergunning%20collectief%20winkelverbod%20Muntplein%20Nieuwegein.md
AP_016,AP,Autoriteit_Persoonsgegevens__https___www.autoriteitpersoonsgegevens.nl_system_files_file=2024-12_Beslissing%20op%20bezwaar%20-%20boete%20Coolblue.md,Autoriteit_Persoonsgegevens__https___www.autoriteitpersoonsgegevens.nl_system_files_file=2024-12_Beslissing%20op%20bezwaar%20-%20boete%20Coolblue,.md,full_text\Autoriteit_Persoonsgegevens__https___www.autoriteitpersoonsgegevens.nl_system_files_file=2024-12_Beslissing%20op%20bezwaar%20-%20boete%20Coolblue.md
AP_017,AP,Autoriteit_Persoonsgegevens__https___www.autoriteitpersoonsgegevens.nl_system_files_file=2024-12_Besluit%20boete%20Netflix_0.md,Autoriteit_Persoonsgegevens__https___www.autoriteitpersoonsgegevens.nl_system_files_file=2024-12_Besluit%20boete%20Netflix_0,.md,full_text\Autoriteit_Persoonsgegevens__https___www.autoriteitpersoonsgegevens.nl_system_files_file=2024-12_Besluit%20boete%20Netflix_0.md
AP_018,AP,Autoriteit_Persoonsgegevens__https___www.autoriteitpersoonsgegevens.nl_system_files_file=2024-12_Besluit%20Vergunning%20collectieve%20horecaontzegging%20Rembrandt%20District.md,Autoriteit_Persoonsgegevens__https___www.autoriteitpersoonsgegevens.nl_system_files_file=2024-12_Besluit%20Vergunning%20collectieve%20horecaontzegging%20Rembrandt%20District,.md,full_text\Autoriteit_Persoonsgegevens__https___www.autoriteitpersoonsgegevens.nl_system_files_file=2024-12_Besluit%20Vergunning%20collectieve%20horecaontzegging%20Rembrandt%20District.md
AP_019,AP,Autoriteit_Persoonsgegevens__https___www.autoriteitpersoonsgegevens.nl_system_files_file=2024-12_Besluit%20vergunning%20collectieve%20horecaontzegging%20Tilburg_2.md,Autoriteit_Persoonsgegevens__https___www.autoriteitpersoonsgegevens.nl_system_files_file=2024-12_Besluit%20vergunning%20collectieve%20horecaontzegging%20Tilburg_2,.md,full_text\Autoriteit_Persoonsgegevens__https___www.autoriteitpersoonsgegevens.nl_system_files_file=2024-12_Besluit%20vergunning%20collectieve%20horecaontzegging%20Tilburg_2.md
AP_020,AP,Autoriteit_Persoonsgegevens__https___www.autoriteitpersoonsgegevens.nl_system_files_file=2024-12_Besluit%20vergunning%20horecagebied%20Apeldoorn%20Nachthoreca.md,Autoriteit_Persoonsgegevens__https___www.autoriteitpersoonsgegevens.nl_system_files_file=2024-12_Besluit%20vergunning%20horecagebied%20Apeldoorn%20Nachthoreca,.md,full_text\Autoriteit_Persoonsgegevens__https___www.autoriteitpersoonsgegevens.nl_system_files_file=2024-12_Besluit%20vergunning%20horecagebied%20Apeldoorn%20Nachthoreca.md
AP_021,AP,Autoriteit_Persoonsgegevens__https___www.autoriteitpersoonsgegevens.nl_system_files_file=2024-12_Formele%20waarschuwing%20CABR.md,Autoriteit_Persoonsgegevens__https___www.autoriteitpersoonsgegevens.nl_system_files_file=2024-12_Formele%20waarschuwing%20CABR,.md,full_text\Autoriteit_Persoonsgegevens__https___www.autoriteitpersoonsgegevens.nl_system_files_file=2024-12_Formele%20waarschuwing%20CABR.md
AP_022,AP,Autoriteit_Persoonsgegevens__https___www.autoriteitpersoonsgegevens.nl_system_files_file=2025-01_Besluit%20vergunning%20collectief%20winkelverbod%20Rotterdam%20Zuidplein.md,Autoriteit_Persoonsgegevens__https___www.autoriteitpersoonsgegevens.nl_system_files_file=2025-01_Besluit%20vergunning%20collectief%20winkelverbod%20Rotterdam%20Zuidplein,.md,full_text\Autoriteit_Persoonsgegevens__https___www.autoriteitpersoonsgegevens.nl_system_files_file=2025-01_Besluit%20vergunning%20collectief%20winkelverbod%20Rotterdam%20Zuidplein.md
AP_023,AP,Autoriteit_Persoonsgegevens__https___www.autoriteitpersoonsgegevens.nl_system_files_file=2025-01_Besluit%20vergunning%20collectief%20winkelverbod%20Winterswijk.md,Autoriteit_Persoonsgegevens__https___www.autoriteitpersoonsgegevens.nl_system_files_file=2025-01_Besluit%20vergunning%20collectief%20winkelverbod%20Winterswijk,.md,full_text\Autoriteit_Persoonsgegevens__https___www.autoriteitpersoonsgegevens.nl_system_files_file=2025-01_Besluit%20vergunning%20collectief%20winkelverbod%20Winterswijk.md
AP_024,AP,Autoriteit_Persoonsgegevens__https___www.autoriteitpersoonsgegevens.nl_system_files_file=2025-02_Besluit%20vergunning%20collecief%20winkelverbod%20winkelgebied%20Veenendaal.md,Autoriteit_Persoonsgegevens__https___www.autoriteitpersoonsgegevens.nl_system_files_file=2025-02_Besluit%20vergunning%20collecief%20winkelverbod%20winkelgebied%20Veenendaal,.md,full_text\Autoriteit_Persoonsgegevens__https___www.autoriteitpersoonsgegevens.nl_system_files_file=2025-02_Besluit%20vergunning%20collecief%20winkelverbod%20winkelgebied%20Veenendaal.md
AP_025,AP,Autoriteit_Persoonsgegevens__https___www.autoriteitpersoonsgegevens.nl_system_files_file=2025-02_Besluit%20vergunning%20collectief%20winkelverbod%20Binnenstad%20Rotterdam.md,Autoriteit_Persoonsgegevens__https___www.autoriteitpersoonsgegevens.nl_system_files_file=2025-02_Besluit%20vergunning%20collectief%20winkelverbod%20Binnenstad%20Rotterdam,.md,full_text\Autoriteit_Persoonsgegevens__https___www.autoriteitpersoonsgegevens.nl_system_files_file=2025-02_Besluit%20vergunning%20collectief%20winkelverbod%20Binnenstad%20Rotterdam.md
AP_026,AP,Autoriteit_Persoonsgegevens__https___www.autoriteitpersoonsgegevens.nl_system_files_file=2025-02_Besluit%20vergunning%20collectief%20winkelverbod%20Stadcentrum%20Suydersee.md,Autoriteit_Persoonsgegevens__https___www.autoriteitpersoonsgegevens.nl_system_files_file=2025-02_Besluit%20vergunning%20collectief%20winkelverbod%20Stadcentrum%20Suydersee,.md,full_text\Autoriteit_Persoonsgegevens__https___www.autoriteitpersoonsgegevens.nl_system_files_file=2025-02_Besluit%20vergunning%20collectief%20winkelverbod%20Stadcentrum%20Suydersee.md
AP_027,AP,Autoriteit_Persoonsgegevens__https___www.autoriteitpersoonsgegevens.nl_system_files_file=2025-03_Besluit%20vergunning%20collectief%20winkelverbod%20Schijndel.md,Autoriteit_Persoonsgegevens__https___www.autoriteitpersoonsgegevens.nl_system_files_file=2025-03_Besluit%20vergunning%20collectief%20winkelverbod%20Schijndel,.md,full_text\Autoriteit_Persoonsgegevens__https___www.autoriteitpersoonsgegevens.nl_system_files_file=2025-03_Besluit%20vergunning%20collectief%20winkelverbod%20Schijndel.md
AP_028,AP,Autoriteit_Persoonsgegevens__https___www.autoriteitpersoonsgegevens.nl_system_files_file=2025-03_Besluit%20vergunning%20collectief%20winkelverbod%20supermarkten%20Enschede.md,Autoriteit_Persoonsgegevens__https___www.autoriteitpersoonsgegevens.nl_system_files_file=2025-03_Besluit%20vergunning%20collectief%20winkelverbod%20supermarkten%20Enschede,.md,full_text\Autoriteit_Persoonsgegevens__https___www.autoriteitpersoonsgegevens.nl_system_files_file=2025-03_Besluit%20vergunning%20collectief%20winkelverbod%20supermarkten%20Enschede.md
AP_029,AP,Autoriteit_Persoonsgegevens__https___www.autoriteitpersoonsgegevens.nl_system_files_file=2025-04_Besluit%20vergunning%20collectief%20winkelverbod%20Spakenburg%202.md,Autoriteit_Persoonsgegevens__https___www.autoriteitpersoonsgegevens.nl_system_files_file=2025-04_Besluit%20vergunning%20collectief%20winkelverbod%20Spakenburg%202,.md,full_text\Autoriteit_Persoonsgegevens__https___www.autoriteitpersoonsgegevens.nl_system_files_file=2025-04_Besluit%20vergunning%20collectief%20winkelverbod%20Spakenburg%202.md
AP_030,AP,Autoriteit_Persoonsgegevens__https___www.autoriteitpersoonsgegevens.nl_system_files_file=2025-04_Besluit%20vergunning%20collectief%20winkelverbod%20Supermarkten%20Hengelo.md,Autoriteit_Persoonsgegevens__https___www.autoriteitpersoonsgegevens.nl_system_files_file=2025-04_Besluit%20vergunning%20collectief%20winkelverbod%20Supermarkten%20Hengelo,.md,full_text\Autoriteit_Persoonsgegevens__https___www.autoriteitpersoonsgegevens.nl_system_files_file=2025-04_Besluit%20vergunning%20collectief%20winkelverbod%20Supermarkten%20Hengelo.md
AP_031,AP,Autoriteit_Persoonsgegevens__https___www.autoriteitpersoonsgegevens.nl_system_files_file=2025-05_Besluit%20vergunning%20collectief%20winkelverbod%20Den%20Helder.md,Autoriteit_Persoonsgegevens__https___www.autoriteitpersoonsgegevens.nl_system_files_file=2025-05_Besluit%20vergunning%20collectief%20winkelverbod%20Den%20Helder,.md,full_text\Autoriteit_Persoonsgegevens__https___www.autoriteitpersoonsgegevens.nl_system_files_file=2025-05_Besluit%20vergunning%20collectief%20winkelverbod%20Den%20Helder.md
AP_032,AP,Autoriteit_Persoonsgegevens__https___www.autoriteitpersoonsgegevens.nl_system_files_file=2025-05_Besluit%20vergunning%20collectief%20winkelverbod%20supermarkten%20Hulst.md,Autoriteit_Persoonsgegevens__https___www.autoriteitpersoonsgegevens.nl_system_files_file=2025-05_Besluit%20vergunning%20collectief%20winkelverbod%20supermarkten%20Hulst,.md,full_text\Autoriteit_Persoonsgegevens__https___www.autoriteitpersoonsgegevens.nl_system_files_file=2025-05_Besluit%20vergunning%20collectief%20winkelverbod%20supermarkten%20Hulst.md
AP_033,AP,Autoriteit_Persoonsgegevens__https___www.autoriteitpersoonsgegevens.nl_system_files_file=2025-06_Besluit%20op%20bezwaar%20boete%20AS%20Watson%20-%20Kruidvat.md,Autoriteit_Persoonsgegevens__https___www.autoriteitpersoonsgegevens.nl_system_files_file=2025-06_Besluit%20op%20bezwaar%20boete%20AS%20Watson%20-%20Kruidvat,.md,full_text\Autoriteit_Persoonsgegevens__https___www.autoriteitpersoonsgegevens.nl_system_files_file=2025-06_Besluit%20op%20bezwaar%20boete%20AS%20Watson%20-%20Kruidvat.md
AP_034,AP,Autoriteit_Persoonsgegevens__https___www.autoriteitpersoonsgegevens.nl_system_files_file=2025-06_Besluit%20vergunning%20collectief%20winkelverbod%20binnenstad%20Tilburg%202.md,Autoriteit_Persoonsgegevens__https___www.autoriteitpersoonsgegevens.nl_system_files_file=2025-06_Besluit%20vergunning%20collectief%20winkelverbod%20binnenstad%20Tilburg%202,.md,full_text\Autoriteit_Persoonsgegevens__https___www.autoriteitpersoonsgegevens.nl_system_files_file=2025-06_Besluit%20vergunning%20collectief%20winkelverbod%20binnenstad%20Tilburg%202.md
AP_035,AP,Autoriteit_Persoonsgegevens__https___www.autoriteitpersoonsgegevens.nl_system_files_file=2025-07_Besluit%20boete%20Stichting%20Oud%20Lemmer.md,Autoriteit_Persoonsgegevens__https___www.autoriteitpersoonsgegevens.nl_system_files_file=2025-07_Besluit%20boete%20Stichting%20Oud%20Lemmer,.md,full_text\Autoriteit_Persoonsgegevens__https___www.autoriteitpersoonsgegevens.nl_system_files_file=2025-07_Besluit%20boete%20Stichting%20Oud%20Lemmer.md
AP_036,AP,Autoriteit_Persoonsgegevens__https___www.autoriteitpersoonsgegevens.nl_system_files_file=2025-07_Besluit%20vergunning%20collectieve%20horecaontzegging%20Oss.md,Autoriteit_Persoonsgegevens__https___www.autoriteitpersoonsgegevens.nl_system_files_file=2025-07_Besluit%20vergunning%20collectieve%20horecaontzegging%20Oss,.md,full_text\Autoriteit_Persoonsgegevens__https___www.autoriteitpersoonsgegevens.nl_system_files_file=2025-07_Besluit%20vergunning%20collectieve%20horecaontzegging%20Oss.md
AP_037,AP,Autoriteit_Persoonsgegevens__https___www.autoriteitpersoonsgegevens.nl_system_files_file=2025-08_Besluit%20vergunning%20collectieve%20horecaontzegging%20Deventer%202025.md,Autoriteit_Persoonsgegevens__https___www.autoriteitpersoonsgegevens.nl_system_files_file=2025-08_Besluit%20vergunning%20collectieve%20horecaontzegging%20Deventer%202025,.md,full_text\Autoriteit_Persoonsgegevens__https___www.autoriteitpersoonsgegevens.nl_system_files_file=2025-08_Besluit%20vergunning%20collectieve%20horecaontzegging%20Deventer%202025.md
AP_038,AP,Autoriteit_Persoonsgegevens__https___www.autoriteitpersoonsgegevens.nl_system_files_file=2025-09_Besluit%20vergunning%20collectief%20winkelverbod%20Centrum%20Hoogeveen.md,Autoriteit_Persoonsgegevens__https___www.autoriteitpersoonsgegevens.nl_system_files_file=2025-09_Besluit%20vergunning%20collectief%20winkelverbod%20Centrum%20Hoogeveen,.md,full_text\Autoriteit_Persoonsgegevens__https___www.autoriteitpersoonsgegevens.nl_system_files_file=2025-09_Besluit%20vergunning%20collectief%20winkelverbod%20Centrum%20Hoogeveen.md
AP_039,AP,Autoriteit_Persoonsgegevens__https___www.autoriteitpersoonsgegevens.nl_system_files_file=2025-09_Besluit%20vergunning%20collectief%20winkelverbod%20winkelgebied%20MIRO%20%28Enschede%29.md,Autoriteit_Persoonsgegevens__https___www.autoriteitpersoonsgegevens.nl_system_files_file=2025-09_Besluit%20vergunning%20collectief%20winkelverbod%20winkelgebied%20MIRO%20%28Enschede%29,.md,full_text\Autoriteit_Persoonsgegevens__https___www.autoriteitpersoonsgegevens.nl_system_files_file=2025-09_Besluit%20vergunning%20collectief%20winkelverbod%20winkelgebied%20MIRO%20%28Enschede%29.md
AP_040,AP,Autoriteit_Persoonsgegevens__https___www.autoriteitpersoonsgegevens.nl_system_files_file=2025-09_boete_orthodontiepraktijk%200.md,Autoriteit_Persoonsgegevens__https___www.autoriteitpersoonsgegevens.nl_system_files_file=2025-09_boete_orthodontiepraktijk%200,.md,full_text\Autoriteit_Persoonsgegevens__https___www.autoriteitpersoonsgegevens.nl_system_files_file=2025-09_boete_orthodontiepraktijk%200.md
AP_041,AP,Autoriteit_Persoonsgegevens__https___www.autoriteitpersoonsgegevens.nl_system_files_file=2025-10_Besluit%20bulkvergunningaanvraag%20Binnenstad%20Tilburg.md,Autoriteit_Persoonsgegevens__https___www.autoriteitpersoonsgegevens.nl_system_files_file=2025-10_Besluit%20bulkvergunningaanvraag%20Binnenstad%20Tilburg,.md,full_text\Autoriteit_Persoonsgegevens__https___www.autoriteitpersoonsgegevens.nl_system_files_file=2025-10_Besluit%20bulkvergunningaanvraag%20Binnenstad%20Tilburg.md
AP_042,AP,Autoriteit_Persoonsgegevens__https___www.autoriteitpersoonsgegevens.nl_system_files_file=2025-10_Besluit%20bulkvergunningaanvraag%20CWV%20Centrum%20Hoensbroek.md,Autoriteit_Persoonsgegevens__https___www.autoriteitpersoonsgegevens.nl_system_files_file=2025-10_Besluit%20bulkvergunningaanvraag%20CWV%20Centrum%20Hoensbroek,.md,full_text\Autoriteit_Persoonsgegevens__https___www.autoriteitpersoonsgegevens.nl_system_files_file=2025-10_Besluit%20bulkvergunningaanvraag%20CWV%20Centrum%20Hoensbroek.md
AP_043,AP,Autoriteit_Persoonsgegevens__https___www.autoriteitpersoonsgegevens.nl_system_files_file=2025-10_Besluit%20bulkvergunningaanvraag%20CWV%20Winkelcentrum%20Donderberg.md,Autoriteit_Persoonsgegevens__https___www.autoriteitpersoonsgegevens.nl_system_files_file=2025-10_Besluit%20bulkvergunningaanvraag%20CWV%20Winkelcentrum%20Donderberg,.md,full_text\Autoriteit_Persoonsgegevens__https___www.autoriteitpersoonsgegevens.nl_system_files_file=2025-10_Besluit%20bulkvergunningaanvraag%20CWV%20Winkelcentrum%20Donderberg.md
AP_044,AP,Autoriteit_Persoonsgegevens__https___www.autoriteitpersoonsgegevens.nl_system_files_file=2025-10_Besluit%20vergunning%20collectief%20winkelverbod%20Harlingen_6.md,Autoriteit_Persoonsgegevens__https___www.autoriteitpersoonsgegevens.nl_system_files_file=2025-10_Besluit%20vergunning%20collectief%20winkelverbod%20Harlingen_6,.md,full_text\Autoriteit_Persoonsgegevens__https___www.autoriteitpersoonsgegevens.nl_system_files_file=2025-10_Besluit%20vergunning%20collectief%20winkelverbod%20Harlingen_6.md
AP_045,AP,Autoriteit_Persoonsgegevens__https___www.autoriteitpersoonsgegevens.nl_system_files_file=2025-10_Besluit%20vergunning%20collectief%20winkelverbod%20Leeuwarden_0.md,Autoriteit_Persoonsgegevens__https___www.autoriteitpersoonsgegevens.nl_system_files_file=2025-10_Besluit%20vergunning%20collectief%20winkelverbod%20Leeuwarden_0,.md,full_text\Autoriteit_Persoonsgegevens__https___www.autoriteitpersoonsgegevens.nl_system_files_file=2025-10_Besluit%20vergunning%20collectief%20winkelverbod%20Leeuwarden_0.md
AP_046,AP,Autoriteit_Persoonsgegevens__https___www.autoriteitpersoonsgegevens.nl_system_files_file=2025-10_Besluit%20vergunning%20collectief%20winkelverbod%20Veenendaal.md,Autoriteit_Persoonsgegevens__https___www.autoriteitpersoonsgegevens.nl_system_files_file=2025-10_Besluit%20vergunning%20collectief%20winkelverbod%20Veenendaal,.md,full_text\Autoriteit_Persoonsgegevens__https___www.autoriteitpersoonsgegevens.nl_system_files_file=2025-10_Besluit%20vergunning%20collectief%20winkelverbod%20Veenendaal.md
AP_047,AP,Autoriteit_Persoonsgegevens__https___www.autoriteitpersoonsgegevens.nl_system_files_file=2025-10_Wob%20besluit%20Extra%20handen%20voor%20de%20zorg.md,Autoriteit_Persoonsgegevens__https___www.autoriteitpersoonsgegevens.nl_system_files_file=2025-10_Wob%20besluit%20Extra%20handen%20voor%20de%20zorg,.md,full_text\Autoriteit_Persoonsgegevens__https___www.autoriteitpersoonsgegevens.nl_system_files_file=2025-10_Wob%20besluit%20Extra%20handen%20voor%20de%20zorg.md
AP_048,AP,Autoriteit_Persoonsgegevens__https___www.autoriteitpersoonsgegevens.nl_system_files_file=2025-11_Besluit%20vergunning%20collectief%20winkelverbod%20Lunetten.md,Autoriteit_Persoonsgegevens__https___www.autoriteitpersoonsgegevens.nl_system_files_file=2025-11_Besluit%20vergunning%20collectief%20winkelverbod%20Lunetten,.md,full_text\Autoriteit_Persoonsgegevens__https___www.autoriteitpersoonsgegevens.nl_system_files_file=2025-11_Besluit%20vergunning%20collectief%20winkelverbod%20Lunetten.md
AP_049,AP,Autoriteit_Persoonsgegevens__https___www.autoriteitpersoonsgegevens.nl_uploads_2023-04_besluit_vergunning_collectief_winkelverbod_centrum_ter_apel_0.md,Autoriteit_Persoonsgegevens__https___www.autoriteitpersoonsgegevens.nl_uploads_2023-04_besluit_vergunning_collectief_winkelverbod_centrum_ter_apel_0,.md,full_text\Autoriteit_Persoonsgegevens__https___www.autoriteitpersoonsgegevens.nl_uploads_2023-04_besluit_vergunning_collectief_winkelverbod_centrum_ter_apel_0.md
AP_050,AP,Autoriteit_Persoonsgegevens__https___www.autoriteitpersoonsgegevens.nl_uploads_2023-08_Besluit%202023%20vergunning%20zwarte%20lijst%20Ugly%20Mugs_0.md,Autoriteit_Persoonsgegevens__https___www.autoriteitpersoonsgegevens.nl_uploads_2023-08_Besluit%202023%20vergunning%20zwarte%20lijst%20Ugly%20Mugs_0,.md,full_text\Autoriteit_Persoonsgegevens__https___www.autoriteitpersoonsgegevens.nl_uploads_2023-08_Besluit%202023%20vergunning%20zwarte%20lijst%20Ugly%20Mugs_0.md
AP_051,AP,Autoriteit_Persoonsgegevens__https___www.autoriteitpersoonsgegevens.nl_uploads_2023-09_Besluit%20vergunning%20collectief%20winkelverbod%20Breda.md,Autoriteit_Persoonsgegevens__https___www.autoriteitpersoonsgegevens.nl_uploads_2023-09_Besluit%20vergunning%20collectief%20winkelverbod%20Breda,.md,full_text\Autoriteit_Persoonsgegevens__https___www.autoriteitpersoonsgegevens.nl_uploads_2023-09_Besluit%20vergunning%20collectief%20winkelverbod%20Breda.md
AP_052,AP,Autoriteit_Persoonsgegevens__https___www.autoriteitpersoonsgegevens.nl_uploads_2023-09_Besluit%20vergunning%20collectieve%20horecaontzegging%20Leidsebuurt.md,Autoriteit_Persoonsgegevens__https___www.autoriteitpersoonsgegevens.nl_uploads_2023-09_Besluit%20vergunning%20collectieve%20horecaontzegging%20Leidsebuurt,.md,full_text\Autoriteit_Persoonsgegevens__https___www.autoriteitpersoonsgegevens.nl_uploads_2023-09_Besluit%20vergunning%20collectieve%20horecaontzegging%20Leidsebuurt.md
AP_053,AP,Autoriteit_Persoonsgegevens__https___www.autoriteitpersoonsgegevens.nl_uploads_2023-09_Besluit%20vergunning%20collectieve%20horecaontzegging%20Zandvoort.md,Autoriteit_Persoonsgegevens__https___www.autoriteitpersoonsgegevens.nl_uploads_2023-09_Besluit%20vergunning%20collectieve%20horecaontzegging%20Zandvoort,.md,full_text\Autoriteit_Persoonsgegevens__https___www.autoriteitpersoonsgegevens.nl_uploads_2023-09_Besluit%20vergunning%20collectieve%20horecaontzegging%20Zandvoort.md
AP_054,AP,Autoriteit_Persoonsgegevens__https___www.autoriteitpersoonsgegevens.nl_uploads_2023-11_Besluit%20vergunning%20collectief%20winkelverbod%20supermarkten%20Arnhem%2C%20Duiven%2C%20Oosterbeek%20en%20Velp.md,Autoriteit_Persoonsgegevens__https___www.autoriteitpersoonsgegevens.nl_uploads_2023-11_Besluit%20vergunning%20collectief%20winkelverbod%20supermarkten%20Arnhem%2C%20Duiven%2C%20Oosterbeek%20en%20Velp,.md,full_text\Autoriteit_Persoonsgegevens__https___www.autoriteitpersoonsgegevens.nl_uploads_2023-11_Besluit%20vergunning%20collectief%20winkelverbod%20supermarkten%20Arnhem%2C%20Duiven%2C%20Oosterbeek%20en%20Velp.md
AP_055,AP,Autoriteit_Persoonsgegevens__https___www.autoriteitpersoonsgegevens.nl_uploads_2023-11_Besluit%20vergunning%20collectieve%20horecontzegging%20Alkmaar.md,Autoriteit_Persoonsgegevens__https___www.autoriteitpersoonsgegevens.nl_uploads_2023-11_Besluit%20vergunning%20collectieve%20horecontzegging%20Alkmaar,.md,full_text\Autoriteit_Persoonsgegevens__https___www.autoriteitpersoonsgegevens.nl_uploads_2023-11_Besluit%20vergunning%20collectieve%20horecontzegging%20Alkmaar.md
AP_056,AP,Autoriteit_Persoonsgegevens__https___www.autoriteitpersoonsgegevens.nl_uploads_2023-11_Boete%20Voorschoten%20afval.md,Autoriteit_Persoonsgegevens__https___www.autoriteitpersoonsgegevens.nl_uploads_2023-11_Boete%20Voorschoten%20afval,.md,full_text\Autoriteit_Persoonsgegevens__https___www.autoriteitpersoonsgegevens.nl_uploads_2023-11_Boete%20Voorschoten%20afval.md
AP_057,AP,Autoriteit_Persoonsgegevens__https___www.autoriteitpersoonsgegevens.nl_uploads_2023-11_stcrt-2023-29689.md,Autoriteit_Persoonsgegevens__https___www.autoriteitpersoonsgegevens.nl_uploads_2023-11_stcrt-2023-29689,.md,full_text\Autoriteit_Persoonsgegevens__https___www.autoriteitpersoonsgegevens.nl_uploads_2023-11_stcrt-2023-29689.md
AP_058,AP,Autoriteit_Persoonsgegevens__https___www.autoriteitpersoonsgegevens.nl_uploads_2023-11_Woo-stukken%202023-223656.md,Autoriteit_Persoonsgegevens__https___www.autoriteitpersoonsgegevens.nl_uploads_2023-11_Woo-stukken%202023-223656,.md,full_text\Autoriteit_Persoonsgegevens__https___www.autoriteitpersoonsgegevens.nl_uploads_2023-11_Woo-stukken%202023-223656.md
AP_059,AP,Autoriteit_Persoonsgegevens__https___www.autoriteitpersoonsgegevens.nl_uploads_2023-12_Besluit%20vergunning%20collectieve%20horecaontzegging%20Drachten.md,Autoriteit_Persoonsgegevens__https___www.autoriteitpersoonsgegevens.nl_uploads_2023-12_Besluit%20vergunning%20collectieve%20horecaontzegging%20Drachten,.md,full_text\Autoriteit_Persoonsgegevens__https___www.autoriteitpersoonsgegevens.nl_uploads_2023-12_Besluit%20vergunning%20collectieve%20horecaontzegging%20Drachten.md
AP_060,AP,Autoriteit_Persoonsgegevens__https___www.autoriteitpersoonsgegevens.nl_uploads_2023-12_Besluit%20vergunning%20collectieve%20horecaontzegging%20Edam-Volendam.md,Autoriteit_Persoonsgegevens__https___www.autoriteitpersoonsgegevens.nl_uploads_2023-12_Besluit%20vergunning%20collectieve%20horecaontzegging%20Edam-Volendam,.md,full_text\Autoriteit_Persoonsgegevens__https___www.autoriteitpersoonsgegevens.nl_uploads_2023-12_Besluit%20vergunning%20collectieve%20horecaontzegging%20Edam-Volendam.md
AP_061,AP,Autoriteit_Persoonsgegevens__https___www.autoriteitpersoonsgegevens.nl_uploads_2023-12_Besluit%20vergunningaanvraag%20horecagebied%20Hellendoorn.md,Autoriteit_Persoonsgegevens__https___www.autoriteitpersoonsgegevens.nl_uploads_2023-12_Besluit%20vergunningaanvraag%20horecagebied%20Hellendoorn,.md,full_text\Autoriteit_Persoonsgegevens__https___www.autoriteitpersoonsgegevens.nl_uploads_2023-12_Besluit%20vergunningaanvraag%20horecagebied%20Hellendoorn.md
AP_062,AP,Autoriteit_Persoonsgegevens__https___www.autoriteitpersoonsgegevens.nl_uploads_2024-01_Besluit%20vergunningaanvraag%20horecagebied%20gemeente%20Helmond.md,Autoriteit_Persoonsgegevens__https___www.autoriteitpersoonsgegevens.nl_uploads_2024-01_Besluit%20vergunningaanvraag%20horecagebied%20gemeente%20Helmond,.md,full_text\Autoriteit_Persoonsgegevens__https___www.autoriteitpersoonsgegevens.nl_uploads_2024-01_Besluit%20vergunningaanvraag%20horecagebied%20gemeente%20Helmond.md
AP_063,AP,Autoriteit_Persoonsgegevens__https___www.autoriteitpersoonsgegevens.nl_uploads_2024-03_Besluit%20vergunning%20collectieve%20horecaontzegging%20Zandvoort%202.md,Autoriteit_Persoonsgegevens__https___www.autoriteitpersoonsgegevens.nl_uploads_2024-03_Besluit%20vergunning%20collectieve%20horecaontzegging%20Zandvoort%202,.md,full_text\Autoriteit_Persoonsgegevens__https___www.autoriteitpersoonsgegevens.nl_uploads_2024-03_Besluit%20vergunning%20collectieve%20horecaontzegging%20Zandvoort%202.md
AP_064,AP,Autoriteit_Persoonsgegevens__https___www.autoriteitpersoonsgegevens.nl_uploads_imported_01_04122018_verwerkingsverbod_belastingdienst_-_openbare_versie.md,Autoriteit_Persoonsgegevens__https___www.autoriteitpersoonsgegevens.nl_uploads_imported_01_04122018_verwerkingsverbod_belastingdienst_-_openbare_versie,.md,full_text\Autoriteit_Persoonsgegevens__https___www.autoriteitpersoonsgegevens.nl_uploads_imported_01_04122018_verwerkingsverbod_belastingdienst_-_openbare_versie.md
AP_065,AP,Autoriteit_Persoonsgegevens__https___www.autoriteitpersoonsgegevens.nl_uploads_imported_20210512_boetebesluit_ap_locatefamily.md,Autoriteit_Persoonsgegevens__https___www.autoriteitpersoonsgegevens.nl_uploads_imported_20210512_boetebesluit_ap_locatefamily,.md,full_text\Autoriteit_Persoonsgegevens__https___www.autoriteitpersoonsgegevens.nl_uploads_imported_20210512_boetebesluit_ap_locatefamily.md
AP_066,AP,Autoriteit_Persoonsgegevens__https___www.autoriteitpersoonsgegevens.nl_uploads_imported_ap_invorderingsbeschikking_nationale_politie.md,Autoriteit_Persoonsgegevens__https___www.autoriteitpersoonsgegevens.nl_uploads_imported_ap_invorderingsbeschikking_nationale_politie,.md,full_text\Autoriteit_Persoonsgegevens__https___www.autoriteitpersoonsgegevens.nl_uploads_imported_ap_invorderingsbeschikking_nationale_politie.md
AP_067,AP,Autoriteit_Persoonsgegevens__https___www.autoriteitpersoonsgegevens.nl_uploads_imported_berisping_akwa_ggz.md,Autoriteit_Persoonsgegevens__https___www.autoriteitpersoonsgegevens.nl_uploads_imported_berisping_akwa_ggz,.md,full_text\Autoriteit_Persoonsgegevens__https___www.autoriteitpersoonsgegevens.nl_uploads_imported_berisping_akwa_ggz.md
AP_068,AP,Autoriteit_Persoonsgegevens__https___www.autoriteitpersoonsgegevens.nl_uploads_imported_beslissing_op_bezwaar_cameratoezicht_en_gerechtvaardigd_belang_openbare_versie.md,Autoriteit_Persoonsgegevens__https___www.autoriteitpersoonsgegevens.nl_uploads_imported_beslissing_op_bezwaar_cameratoezicht_en_gerechtvaardigd_belang_openbare_versie,.md,full_text\Autoriteit_Persoonsgegevens__https___www.autoriteitpersoonsgegevens.nl_uploads_imported_beslissing_op_bezwaar_cameratoezicht_en_gerechtvaardigd_belang_openbare_versie.md
AP_069,AP,Autoriteit_Persoonsgegevens__https___www.autoriteitpersoonsgegevens.nl_uploads_imported_besluit_afwijzen_vergunning_vodiom.md,Autoriteit_Persoonsgegevens__https___www.autoriteitpersoonsgegevens.nl_uploads_imported_besluit_afwijzen_vergunning_vodiom,.md,full_text\Autoriteit_Persoonsgegevens__https___www.autoriteitpersoonsgegevens.nl_uploads_imported_besluit_afwijzen_vergunning_vodiom.md
AP_070,AP,Autoriteit_Persoonsgegevens__https___www.autoriteitpersoonsgegevens.nl_uploads_imported_besluit_boete_booking.md,Autoriteit_Persoonsgegevens__https___www.autoriteitpersoonsgegevens.nl_uploads_imported_besluit_boete_booking,.md,full_text\Autoriteit_Persoonsgegevens__https___www.autoriteitpersoonsgegevens.nl_uploads_imported_besluit_boete_booking.md
AP_071,AP,Autoriteit_Persoonsgegevens__https___www.autoriteitpersoonsgegevens.nl_uploads_imported_besluit_boete_mobiele_camera-autos_rotterdam.md,Autoriteit_Persoonsgegevens__https___www.autoriteitpersoonsgegevens.nl_uploads_imported_besluit_boete_mobiele_camera-autos_rotterdam,.md,full_text\Autoriteit_Persoonsgegevens__https___www.autoriteitpersoonsgegevens.nl_uploads_imported_besluit_boete_mobiele_camera-autos_rotterdam.md
AP_072,AP,Autoriteit_Persoonsgegevens__https___www.autoriteitpersoonsgegevens.nl_uploads_imported_besluit_last_onder_dwangsom_menzis.md,Autoriteit_Persoonsgegevens__https___www.autoriteitpersoonsgegevens.nl_uploads_imported_besluit_last_onder_dwangsom_menzis,.md,full_text\Autoriteit_Persoonsgegevens__https___www.autoriteitpersoonsgegevens.nl_uploads_imported_besluit_last_onder_dwangsom_menzis.md
AP_073,AP,Autoriteit_Persoonsgegevens__https___www.autoriteitpersoonsgegevens.nl_uploads_imported_besluit_last_onder_dwangsom_vgz.md,Autoriteit_Persoonsgegevens__https___www.autoriteitpersoonsgegevens.nl_uploads_imported_besluit_last_onder_dwangsom_vgz,.md,full_text\Autoriteit_Persoonsgegevens__https___www.autoriteitpersoonsgegevens.nl_uploads_imported_besluit_last_onder_dwangsom_vgz.md
AP_074,AP,Autoriteit_Persoonsgegevens__https___www.autoriteitpersoonsgegevens.nl_uploads_imported_besluit_pifi_2021.md,Autoriteit_Persoonsgegevens__https___www.autoriteitpersoonsgegevens.nl_uploads_imported_besluit_pifi_2021,.md,full_text\Autoriteit_Persoonsgegevens__https___www.autoriteitpersoonsgegevens.nl_uploads_imported_besluit_pifi_2021.md
AP_075,AP,Autoriteit_Persoonsgegevens__https___www.autoriteitpersoonsgegevens.nl_uploads_imported_besluit_vergunning_collectief_winkelverbod_amsterdam_the_style_outlets.md,Autoriteit_Persoonsgegevens__https___www.autoriteitpersoonsgegevens.nl_uploads_imported_besluit_vergunning_collectief_winkelverbod_amsterdam_the_style_outlets,.md,full_text\Autoriteit_Persoonsgegevens__https___www.autoriteitpersoonsgegevens.nl_uploads_imported_besluit_vergunning_collectief_winkelverbod_amsterdam_the_style_outlets.md
AP_076,AP,Autoriteit_Persoonsgegevens__https___www.autoriteitpersoonsgegevens.nl_uploads_imported_besluit_vergunning_collectief_winkelverbod_centrum_ter_apel.md,Autoriteit_Persoonsgegevens__https___www.autoriteitpersoonsgegevens.nl_uploads_imported_besluit_vergunning_collectief_winkelverbod_centrum_ter_apel,.md,full_text\Autoriteit_Persoonsgegevens__https___www.autoriteitpersoonsgegevens.nl_uploads_imported_besluit_vergunning_collectief_winkelverbod_centrum_ter_apel.md
AP_077,AP,Autoriteit_Persoonsgegevens__https___www.autoriteitpersoonsgegevens.nl_uploads_imported_besluit_vergunning_collectief_winkelverbod_de_gaard_utrecht.md,Autoriteit_Persoonsgegevens__https___www.autoriteitpersoonsgegevens.nl_uploads_imported_besluit_vergunning_collectief_winkelverbod_de_gaard_utrecht,.md,full_text\Autoriteit_Persoonsgegevens__https___www.autoriteitpersoonsgegevens.nl_uploads_imported_besluit_vergunning_collectief_winkelverbod_de_gaard_utrecht.md
AP_078,AP,Autoriteit_Persoonsgegevens__https___www.autoriteitpersoonsgegevens.nl_uploads_imported_besluit_vergunning_collectief_winkelverbod_elzas_passage.md,Autoriteit_Persoonsgegevens__https___www.autoriteitpersoonsgegevens.nl_uploads_imported_besluit_vergunning_collectief_winkelverbod_elzas_passage,.md,full_text\Autoriteit_Persoonsgegevens__https___www.autoriteitpersoonsgegevens.nl_uploads_imported_besluit_vergunning_collectief_winkelverbod_elzas_passage.md
AP_079,AP,Autoriteit_Persoonsgegevens__https___www.autoriteitpersoonsgegevens.nl_uploads_imported_besluit_vergunning_collectief_winkelverbod_enschede-zuid.md,Autoriteit_Persoonsgegevens__https___www.autoriteitpersoonsgegevens.nl_uploads_imported_besluit_vergunning_collectief_winkelverbod_enschede-zuid,.md,full_text\Autoriteit_Persoonsgegevens__https___www.autoriteitpersoonsgegevens.nl_uploads_imported_besluit_vergunning_collectief_winkelverbod_enschede-zuid.md
AP_080,AP,Autoriteit_Persoonsgegevens__https___www.autoriteitpersoonsgegevens.nl_uploads_imported_besluit_vergunning_collectief_winkelverbod_heesch.md,Autoriteit_Persoonsgegevens__https___www.autoriteitpersoonsgegevens.nl_uploads_imported_besluit_vergunning_collectief_winkelverbod_heesch,.md,full_text\Autoriteit_Persoonsgegevens__https___www.autoriteitpersoonsgegevens.nl_uploads_imported_besluit_vergunning_collectief_winkelverbod_heesch.md
AP_081,AP,Autoriteit_Persoonsgegevens__https___www.autoriteitpersoonsgegevens.nl_uploads_imported_besluit_vergunning_collectieve_horecaontzegging_almelo.md,Autoriteit_Persoonsgegevens__https___www.autoriteitpersoonsgegevens.nl_uploads_imported_besluit_vergunning_collectieve_horecaontzegging_almelo,.md,full_text\Autoriteit_Persoonsgegevens__https___www.autoriteitpersoonsgegevens.nl_uploads_imported_besluit_vergunning_collectieve_horecaontzegging_almelo.md
AP_082,AP,Autoriteit_Persoonsgegevens__https___www.autoriteitpersoonsgegevens.nl_uploads_imported_besluit_vergunning_collectieve_horecaontzegging_binnenstad_amersfoort.md,Autoriteit_Persoonsgegevens__https___www.autoriteitpersoonsgegevens.nl_uploads_imported_besluit_vergunning_collectieve_horecaontzegging_binnenstad_amersfoort,.md,full_text\Autoriteit_Persoonsgegevens__https___www.autoriteitpersoonsgegevens.nl_uploads_imported_besluit_vergunning_collectieve_horecaontzegging_binnenstad_amersfoort.md
AP_083,AP,Autoriteit_Persoonsgegevens__https___www.autoriteitpersoonsgegevens.nl_uploads_imported_besluit_vergunning_collectieve_horecaontzegging_centrum_zwolle.md,Autoriteit_Persoonsgegevens__https___www.autoriteitpersoonsgegevens.nl_uploads_imported_besluit_vergunning_collectieve_horecaontzegging_centrum_zwolle,.md,full_text\Autoriteit_Persoonsgegevens__https___www.autoriteitpersoonsgegevens.nl_uploads_imported_besluit_vergunning_collectieve_horecaontzegging_centrum_zwolle.md
AP_084,AP,Autoriteit_Persoonsgegevens__https___www.autoriteitpersoonsgegevens.nl_uploads_imported_besluit_vergunning_collectieve_horecaontzegging_deventer.md,Autoriteit_Persoonsgegevens__https___www.autoriteitpersoonsgegevens.nl_uploads_imported_besluit_vergunning_collectieve_horecaontzegging_deventer,.md,full_text\Autoriteit_Persoonsgegevens__https___www.autoriteitpersoonsgegevens.nl_uploads_imported_besluit_vergunning_collectieve_horecaontzegging_deventer.md
AP_085,AP,Autoriteit_Persoonsgegevens__https___www.autoriteitpersoonsgegevens.nl_uploads_imported_besluit_vergunning_collectieve_horecaontzegging_emmen.md,Autoriteit_Persoonsgegevens__https___www.autoriteitpersoonsgegevens.nl_uploads_imported_besluit_vergunning_collectieve_horecaontzegging_emmen,.md,full_text\Autoriteit_Persoonsgegevens__https___www.autoriteitpersoonsgegevens.nl_uploads_imported_besluit_vergunning_collectieve_horecaontzegging_emmen.md
AP_086,AP,Autoriteit_Persoonsgegevens__https___www.autoriteitpersoonsgegevens.nl_uploads_imported_besluit_vergunning_collectieve_horecaontzegging_enschede.md,Autoriteit_Persoonsgegevens__https___www.autoriteitpersoonsgegevens.nl_uploads_imported_besluit_vergunning_collectieve_horecaontzegging_enschede,.md,full_text\Autoriteit_Persoonsgegevens__https___www.autoriteitpersoonsgegevens.nl_uploads_imported_besluit_vergunning_collectieve_horecaontzegging_enschede.md
AP_087,AP,Autoriteit_Persoonsgegevens__https___www.autoriteitpersoonsgegevens.nl_uploads_imported_besluit_vergunning_collectieve_horecaontzegging_haarlem.md,Autoriteit_Persoonsgegevens__https___www.autoriteitpersoonsgegevens.nl_uploads_imported_besluit_vergunning_collectieve_horecaontzegging_haarlem,.md,full_text\Autoriteit_Persoonsgegevens__https___www.autoriteitpersoonsgegevens.nl_uploads_imported_besluit_vergunning_collectieve_horecaontzegging_haarlem.md
AP_088,AP,Autoriteit_Persoonsgegevens__https___www.autoriteitpersoonsgegevens.nl_uploads_imported_besluit_vergunning_fraudehelpdesk.md,Autoriteit_Persoonsgegevens__https___www.autoriteitpersoonsgegevens.nl_uploads_imported_besluit_vergunning_fraudehelpdesk,.md,full_text\Autoriteit_Persoonsgegevens__https___www.autoriteitpersoonsgegevens.nl_uploads_imported_besluit_vergunning_fraudehelpdesk.md
AP_089,AP,Autoriteit_Persoonsgegevens__https___www.autoriteitpersoonsgegevens.nl_uploads_imported_besluit_vergunning_onderzoek_pwc.md,Autoriteit_Persoonsgegevens__https___www.autoriteitpersoonsgegevens.nl_uploads_imported_besluit_vergunning_onderzoek_pwc,.md,full_text\Autoriteit_Persoonsgegevens__https___www.autoriteitpersoonsgegevens.nl_uploads_imported_besluit_vergunning_onderzoek_pwc.md
AP_090,AP,Autoriteit_Persoonsgegevens__https___www.autoriteitpersoonsgegevens.nl_uploads_imported_boete_tiktok.md,Autoriteit_Persoonsgegevens__https___www.autoriteitpersoonsgegevens.nl_uploads_imported_boete_tiktok,.md,full_text\Autoriteit_Persoonsgegevens__https___www.autoriteitpersoonsgegevens.nl_uploads_imported_boete_tiktok.md
AP_091,AP,Autoriteit_Persoonsgegevens__https___www.autoriteitpersoonsgegevens.nl_uploads_imported_boete_transavia.md,Autoriteit_Persoonsgegevens__https___www.autoriteitpersoonsgegevens.nl_uploads_imported_boete_transavia,.md,full_text\Autoriteit_Persoonsgegevens__https___www.autoriteitpersoonsgegevens.nl_uploads_imported_boete_transavia.md
AP_092,AP,Autoriteit_Persoonsgegevens__https___www.autoriteitpersoonsgegevens.nl_uploads_imported_boetebesluit_belastingdienst.md,Autoriteit_Persoonsgegevens__https___www.autoriteitpersoonsgegevens.nl_uploads_imported_boetebesluit_belastingdienst,.md,full_text\Autoriteit_Persoonsgegevens__https___www.autoriteitpersoonsgegevens.nl_uploads_imported_boetebesluit_belastingdienst.md
AP_093,AP,Autoriteit_Persoonsgegevens__https___www.autoriteitpersoonsgegevens.nl_uploads_imported_boetebesluit_dpg.md,Autoriteit_Persoonsgegevens__https___www.autoriteitpersoonsgegevens.nl_uploads_imported_boetebesluit_dpg,.md,full_text\Autoriteit_Persoonsgegevens__https___www.autoriteitpersoonsgegevens.nl_uploads_imported_boetebesluit_dpg.md
AP_094,AP,Autoriteit_Persoonsgegevens__https___www.autoriteitpersoonsgegevens.nl_uploads_imported_boetebesluit_knltb.md,Autoriteit_Persoonsgegevens__https___www.autoriteitpersoonsgegevens.nl_uploads_imported_boetebesluit_knltb,.md,full_text\Autoriteit_Persoonsgegevens__https___www.autoriteitpersoonsgegevens.nl_uploads_imported_boetebesluit_knltb.md
AP_095,AP,Autoriteit_Persoonsgegevens__https___www.autoriteitpersoonsgegevens.nl_uploads_imported_boetebesluit_olvg.md,Autoriteit_Persoonsgegevens__https___www.autoriteitpersoonsgegevens.nl_uploads_imported_boetebesluit_olvg,.md,full_text\Autoriteit_Persoonsgegevens__https___www.autoriteitpersoonsgegevens.nl_uploads_imported_boetebesluit_olvg.md
AP_096,AP,Autoriteit_Persoonsgegevens__https___www.autoriteitpersoonsgegevens.nl_uploads_imported_boetebesluit_uber.md,Autoriteit_Persoonsgegevens__https___www.autoriteitpersoonsgegevens.nl_uploads_imported_boetebesluit_uber,.md,full_text\Autoriteit_Persoonsgegevens__https___www.autoriteitpersoonsgegevens.nl_uploads_imported_boetebesluit_uber.md
AP_097,AP,Autoriteit_Persoonsgegevens__https___www.autoriteitpersoonsgegevens.nl_uploads_imported_boetebesluit_vingerafdrukken_personeel.md,Autoriteit_Persoonsgegevens__https___www.autoriteitpersoonsgegevens.nl_uploads_imported_boetebesluit_vingerafdrukken_personeel,.md,full_text\Autoriteit_Persoonsgegevens__https___www.autoriteitpersoonsgegevens.nl_uploads_imported_boetebesluit_vingerafdrukken_personeel.md
AP_098,AP,Autoriteit_Persoonsgegevens__https___www.autoriteitpersoonsgegevens.nl_uploads_imported_invorderingsbeschikking_tgb.md,Autoriteit_Persoonsgegevens__https___www.autoriteitpersoonsgegevens.nl_uploads_imported_invorderingsbeschikking_tgb,.md,full_text\Autoriteit_Persoonsgegevens__https___www.autoriteitpersoonsgegevens.nl_uploads_imported_invorderingsbeschikking_tgb.md
AP_099,AP,Autoriteit_Persoonsgegevens__https___www.autoriteitpersoonsgegevens.nl_uploads_imported_last_onder_dwangsom_nationale_politie_november_2018.md,Autoriteit_Persoonsgegevens__https___www.autoriteitpersoonsgegevens.nl_uploads_imported_last_onder_dwangsom_nationale_politie_november_2018,.md,full_text\Autoriteit_Persoonsgegevens__https___www.autoriteitpersoonsgegevens.nl_uploads_imported_last_onder_dwangsom_nationale_politie_november_2018.md
AP_100,AP,Autoriteit_Persoonsgegevens__https___www.autoriteitpersoonsgegevens.nl_uploads_imported_last_onder_dwangsom_uwv_werkgeversportaal.md,Autoriteit_Persoonsgegevens__https___www.autoriteitpersoonsgegevens.nl_uploads_imported_last_onder_dwangsom_uwv_werkgeversportaal,.md,full_text\Autoriteit_Persoonsgegevens__https___www.autoriteitpersoonsgegevens.nl_uploads_imported_last_onder_dwangsom_uwv_werkgeversportaal.md
DRE_001,DRE,DRE_01113819vandaag_geredigeerd.md,DRE_01113819vandaag_geredigeerd,.md,full_text\DRE_01113819vandaag_geredigeerd.md
DRE_002,DRE,DRE_25-4-2-2024000871_wiede_wold_afvalkathedraal_geredigeerd.md,DRE_25-4-2-2024000871_wiede_wold_afvalkathedraal_geredigeerd,.md,full_text\DRE_25-4-2-2024000871_wiede_wold_afvalkathedraal_geredigeerd.md
DRE_003,DRE,DRE_26-4-6-2024000905_vos_mammoetgras_geredigeerd_geredigeerd.md,DRE_26-4-6-2024000905_vos_mammoetgras_geredigeerd_geredigeerd,.md,full_text\DRE_26-4-6-2024000905_vos_mammoetgras_geredigeerd_geredigeerd.md
DRE_004,DRE,DRE_beschikking_edih_geredigeerd.md,DRE_beschikking_edih_geredigeerd,.md,full_text\DRE_beschikking_edih_geredigeerd.md
DRE_005,DRE,DRE_beschikking_herinneringscentrum_geredigeerd.md,DRE_beschikking_herinneringscentrum_geredigeerd,.md,full_text\DRE_beschikking_herinneringscentrum_geredigeerd.md
DRE_006,DRE,DRE_beschikking_lto_geredigeerd.md,DRE_beschikking_lto_geredigeerd,.md,full_text\DRE_beschikking_lto_geredigeerd.md
DRE_007,DRE,DRE_beschikking_nom_edih_nn_geredigeerd.md,DRE_beschikking_nom_edih_nn_geredigeerd,.md,full_text\DRE_beschikking_nom_edih_nn_geredigeerd.md
DRE_008,DRE,DRE_beschikking_orangegas_-_vulpunten.md,DRE_beschikking_orangegas_-_vulpunten,.md,full_text\DRE_beschikking_orangegas_-_vulpunten.md
DRE_009,DRE,DRE_beschikking_tt_festival.md,DRE_beschikking_tt_festival,.md,full_text\DRE_beschikking_tt_festival.md
DRE_010,DRE,DRE_beschikking_tt_festival_2026_geredigeerd.md,DRE_beschikking_tt_festival_2026_geredigeerd,.md,full_text\DRE_beschikking_tt_festival_2026_geredigeerd.md
DRE_011,DRE,DRE_beschikking_van_gogh_geredigeerd.md,DRE_beschikking_van_gogh_geredigeerd,.md,full_text\DRE_beschikking_van_gogh_geredigeerd.md
DRE_012,DRE,DRE_beschikking_veenpark_1_geredigeerd.md,DRE_beschikking_veenpark_1_geredigeerd,.md,full_text\DRE_beschikking_veenpark_1_geredigeerd.md
DRE_013,DRE,DRE_beschikking_veenpark_2_geredigeerd.md,DRE_beschikking_veenpark_2_geredigeerd,.md,full_text\DRE_beschikking_veenpark_2_geredigeerd.md
DRE_014,DRE,DRE_beschikking_verlening_subsidie_fase_1_masterplan_veenpark_geredigeerd.md,DRE_beschikking_verlening_subsidie_fase_1_masterplan_veenpark_geredigeerd,.md,full_text\DRE_beschikking_verlening_subsidie_fase_1_masterplan_veenpark_geredigeerd.md
DRE_015,DRE,DRE_gelakte_beschikking_verleningsbrief_drents_museam_2026.md,DRE_gelakte_beschikking_verleningsbrief_drents_museam_2026,.md,full_text\DRE_gelakte_beschikking_verleningsbrief_drents_museam_2026.md
DRE_016,DRE,DRE_ondernemend_hoogeveen_-_zon_op_bedrijfsdak_geredigeerd.md,DRE_ondernemend_hoogeveen_-_zon_op_bedrijfsdak_geredigeerd,.md,full_text\DRE_ondernemend_hoogeveen_-_zon_op_bedrijfsdak_geredigeerd.md
DRE_017,DRE,DRE_subsidieverlening_bedrijfsinvesteringen_varkenshouderij.md,DRE_subsidieverlening_bedrijfsinvesteringen_varkenshouderij,.md,full_text\DRE_subsidieverlening_bedrijfsinvesteringen_varkenshouderij.md
DRE_018,DRE,DRE_subsidieverlening_drents_museum_geredigeerd.md,DRE_subsidieverlening_drents_museum_geredigeerd,.md,full_text\DRE_subsidieverlening_drents_museum_geredigeerd.md
DRE_019,DRE,DRE_subsidieverlening_magnificent_proteins_b-v-geredigeerd.md,DRE_subsidieverlening_magnificent_proteins_b-v-geredigeerd,.md,full_text\DRE_subsidieverlening_magnificent_proteins_b-v-geredigeerd.md
DRE_020,DRE,DRE_subsidieverlening_project_drents_museum_de_buitenplaats_geredigeerd.md,DRE_subsidieverlening_project_drents_museum_de_buitenplaats_geredigeerd,.md,full_text\DRE_subsidieverlening_project_drents_museum_de_buitenplaats_geredigeerd.md
DRE_021,DRE,DRE_subsidieverlening_project_herstel_en_ontwikkeling_kolonien_van_weldadigheid.md,DRE_subsidieverlening_project_herstel_en_ontwikkeling_kolonien_van_weldadigheid,.md,full_text\DRE_subsidieverlening_project_herstel_en_ontwikkeling_kolonien_van_weldadigheid.md
DRE_022,DRE,DRE_subsidieverlening_stichting_tt_week_assen_geredigeerd.md,DRE_subsidieverlening_stichting_tt_week_assen_geredigeerd,.md,full_text\DRE_subsidieverlening_stichting_tt_week_assen_geredigeerd.md
DRE_023,DRE,DRE_vereningsbeschikking_cure_demonstration_plant_002_geredigeerd.md,DRE_vereningsbeschikking_cure_demonstration_plant_002_geredigeerd,.md,full_text\DRE_vereningsbeschikking_cure_demonstration_plant_002_geredigeerd.md
DRE_024,DRE,DRE_verlenen_subsidie_voor_realisatie_dak_boven_de_wielerbaan_in_assen_geredigeerd.md,DRE_verlenen_subsidie_voor_realisatie_dak_boven_de_wielerbaan_in_assen_geredigeerd,.md,full_text\DRE_verlenen_subsidie_voor_realisatie_dak_boven_de_wielerbaan_in_assen_geredigeerd.md
DRE_025,DRE,DRE_verlening_aanvullende_subsidie_stichting_pen_em.md,DRE_verlening_aanvullende_subsidie_stichting_pen_em,.md,full_text\DRE_verlening_aanvullende_subsidie_stichting_pen_em.md
DRE_026,DRE,DRE_verlening_boekjaarsubsidie_2021_en_2022_stichting_veenomenaal_veenpark.md,DRE_verlening_boekjaarsubsidie_2021_en_2022_stichting_veenomenaal_veenpark,.md,full_text\DRE_verlening_boekjaarsubsidie_2021_en_2022_stichting_veenomenaal_veenpark.md
DRE_027,DRE,DRE_verlening_boekjaarsubsidie_2021_geredigeerd.md,DRE_verlening_boekjaarsubsidie_2021_geredigeerd,.md,full_text\DRE_verlening_boekjaarsubsidie_2021_geredigeerd.md
DRE_028,DRE,DRE_verlening_boekjaarsubsidie_stichting_drenthevents_geredigeerd.md,DRE_verlening_boekjaarsubsidie_stichting_drenthevents_geredigeerd,.md,full_text\DRE_verlening_boekjaarsubsidie_stichting_drenthevents_geredigeerd.md
DRE_029,DRE,DRE_verlening_stichting_veenomenaal_veenpark_geredigeerd_1.md,DRE_verlening_stichting_veenomenaal_veenpark_geredigeerd_1,.md,full_text\DRE_verlening_stichting_veenomenaal_veenpark_geredigeerd_1.md
DRE_030,DRE,DRE_verlening_subsidie_aanschaf_elektrische-solar_kolonietram.md,DRE_verlening_subsidie_aanschaf_elektrische-solar_kolonietram,.md,full_text\DRE_verlening_subsidie_aanschaf_elektrische-solar_kolonietram.md
DRE_031,DRE,DRE_verlening_subsidie_aanvraag_glasvezel_cooperatie_noord_u_a.md,DRE_verlening_subsidie_aanvraag_glasvezel_cooperatie_noord_u_a,.md,full_text\DRE_verlening_subsidie_aanvraag_glasvezel_cooperatie_noord_u_a.md
DRE_032,DRE,DRE_verlening_subsidie_activiteiten_verbouw_herinneringscentrum_kamp_westerbork_geredigeerd.md,DRE_verlening_subsidie_activiteiten_verbouw_herinneringscentrum_kamp_westerbork_geredigeerd,.md,full_text\DRE_verlening_subsidie_activiteiten_verbouw_herinneringscentrum_kamp_westerbork_geredigeerd.md
DRE_033,DRE,DRE_verlening_subsidie_adls_implementatie_op_windparken_in_borger-odoorn_en_aa_en_hunze.md,DRE_verlening_subsidie_adls_implementatie_op_windparken_in_borger-odoorn_en_aa_en_hunze,.md,full_text\DRE_verlening_subsidie_adls_implementatie_op_windparken_in_borger-odoorn_en_aa_en_hunze.md
DRE_034,DRE,DRE_verlening_subsidie_afwaardering_camping_de_schuilhoeve_geredigeerd.md,DRE_verlening_subsidie_afwaardering_camping_de_schuilhoeve_geredigeerd,.md,full_text\DRE_verlening_subsidie_afwaardering_camping_de_schuilhoeve_geredigeerd.md
DRE_035,DRE,DRE_verlening_subsidie_bedrijfsverplaatsing.md,DRE_verlening_subsidie_bedrijfsverplaatsing,.md,full_text\DRE_verlening_subsidie_bedrijfsverplaatsing.md
DRE_036,DRE,DRE_verlening_subsidie_boekjaar_2024_schaapskudde_bargerveen.md,DRE_verlening_subsidie_boekjaar_2024_schaapskudde_bargerveen,.md,full_text\DRE_verlening_subsidie_boekjaar_2024_schaapskudde_bargerveen.md
DRE_037,DRE,DRE_verlening_subsidie_boekjaar_2026_hunebedcentrum.md,DRE_verlening_subsidie_boekjaar_2026_hunebedcentrum,.md,full_text\DRE_verlening_subsidie_boekjaar_2026_hunebedcentrum.md
DRE_038,DRE,DRE_verlening_subsidie_boekjaar_2026_kamp_westerbork.md,DRE_verlening_subsidie_boekjaar_2026_kamp_westerbork,.md,full_text\DRE_verlening_subsidie_boekjaar_2026_kamp_westerbork.md
DRE_039,DRE,DRE_verlening_subsidie_boerennatuur.md,DRE_verlening_subsidie_boerennatuur,.md,full_text\DRE_verlening_subsidie_boerennatuur.md
DRE_040,DRE,DRE_verlening_subsidie_boermake_bodem_water_plan_rma_bv.md,DRE_verlening_subsidie_boermake_bodem_water_plan_rma_bv,.md,full_text\DRE_verlening_subsidie_boermake_bodem_water_plan_rma_bv.md
DRE_041,DRE,DRE_verlening_subsidie_corridor_locatietheater_opening_bentheimer_eisenbahn_neuenhaus_coevorden_.md,DRE_verlening_subsidie_corridor_locatietheater_opening_bentheimer_eisenbahn_neuenhaus_coevorden_,.md,full_text\DRE_verlening_subsidie_corridor_locatietheater_opening_bentheimer_eisenbahn_neuenhaus_coevorden_.md
DRE_042,DRE,DRE_verlening_subsidie_daw_vermindering_erfemissie_in_zuidwest-drenthe_geredigeerd.md,DRE_verlening_subsidie_daw_vermindering_erfemissie_in_zuidwest-drenthe_geredigeerd,.md,full_text\DRE_verlening_subsidie_daw_vermindering_erfemissie_in_zuidwest-drenthe_geredigeerd.md
DRE_043,DRE,DRE_verlening_subsidie_de_drentse_lelie.md,DRE_verlening_subsidie_de_drentse_lelie,.md,full_text\DRE_verlening_subsidie_de_drentse_lelie.md
DRE_044,DRE,DRE_verlening_subsidie_dreents_liedtiesfestival_geredigeerd.md,DRE_verlening_subsidie_dreents_liedtiesfestival_geredigeerd,.md,full_text\DRE_verlening_subsidie_dreents_liedtiesfestival_geredigeerd.md
DRE_045,DRE,DRE_verlening_subsidie_drents_onderzoek_laaggeleterden_fase_2.md,DRE_verlening_subsidie_drents_onderzoek_laaggeleterden_fase_2,.md,full_text\DRE_verlening_subsidie_drents_onderzoek_laaggeleterden_fase_2.md
DRE_046,DRE,DRE_verlening_subsidie_duurzame_bollenteelt_in_drenthe_1.md,DRE_verlening_subsidie_duurzame_bollenteelt_in_drenthe_1,.md,full_text\DRE_verlening_subsidie_duurzame_bollenteelt_in_drenthe_1.md
DRE_047,DRE,DRE_verlening_subsidie_fase_1_masterplan_veenpark_geredigeerd.md,DRE_verlening_subsidie_fase_1_masterplan_veenpark_geredigeerd,.md,full_text\DRE_verlening_subsidie_fase_1_masterplan_veenpark_geredigeerd.md
DRE_048,DRE,DRE_verlening_subsidie_fresenius_hemocare_netherlands_b_v.md,DRE_verlening_subsidie_fresenius_hemocare_netherlands_b_v,.md,full_text\DRE_verlening_subsidie_fresenius_hemocare_netherlands_b_v.md
DRE_049,DRE,DRE_verlening_subsidie_green_planet_real_estate_bv.md,DRE_verlening_subsidie_green_planet_real_estate_bv,.md,full_text\DRE_verlening_subsidie_green_planet_real_estate_bv.md
DRE_050,DRE,DRE_verlening_subsidie_h2_hollandia_groene_waterstofproductie_geredigeerd.md,DRE_verlening_subsidie_h2_hollandia_groene_waterstofproductie_geredigeerd,.md,full_text\DRE_verlening_subsidie_h2_hollandia_groene_waterstofproductie_geredigeerd.md
DRE_051,DRE,DRE_verlening_subsidie_haalbaarheidsstudie_waterstofproductie.md,DRE_verlening_subsidie_haalbaarheidsstudie_waterstofproductie,.md,full_text\DRE_verlening_subsidie_haalbaarheidsstudie_waterstofproductie.md
DRE_052,DRE,DRE_verlening_subsidie_het_pauperparadijs_geredigeerd.md,DRE_verlening_subsidie_het_pauperparadijs_geredigeerd,.md,full_text\DRE_verlening_subsidie_het_pauperparadijs_geredigeerd.md
DRE_053,DRE,DRE_verlening_subsidie_hippisch_centrum_exloo.md,DRE_verlening_subsidie_hippisch_centrum_exloo,.md,full_text\DRE_verlening_subsidie_hippisch_centrum_exloo.md
DRE_054,DRE,DRE_verlening_subsidie_huis_van_de_drentsche_aa_geredigeerd.md,DRE_verlening_subsidie_huis_van_de_drentsche_aa_geredigeerd,.md,full_text\DRE_verlening_subsidie_huis_van_de_drentsche_aa_geredigeerd.md
DRE_055,DRE,DRE_verlening_subsidie_hunebedcentrum.md,DRE_verlening_subsidie_hunebedcentrum,.md,full_text\DRE_verlening_subsidie_hunebedcentrum.md
DRE_056,DRE,DRE_verlening_subsidie_hunebedcentrum_geopark_de_hondsrug.md,DRE_verlening_subsidie_hunebedcentrum_geopark_de_hondsrug,.md,full_text\DRE_verlening_subsidie_hunebedcentrum_geopark_de_hondsrug.md
DRE_057,DRE,DRE_verlening_subsidie_hunebedcentrum_geredigeerd.md,DRE_verlening_subsidie_hunebedcentrum_geredigeerd,.md,full_text\DRE_verlening_subsidie_hunebedcentrum_geredigeerd.md
DRE_058,DRE,DRE_verlening_subsidie_jaarplan_2024_uitvoering_marketing_koloni_n_van_weldadigheid_geredigeerd.md,DRE_verlening_subsidie_jaarplan_2024_uitvoering_marketing_koloni_n_van_weldadigheid_geredigeerd,.md,full_text\DRE_verlening_subsidie_jaarplan_2024_uitvoering_marketing_koloni_n_van_weldadigheid_geredigeerd.md
DRE_059,DRE,DRE_verlening_subsidie_liberation_route_-_canadian_trail.md,DRE_verlening_subsidie_liberation_route_-_canadian_trail,.md,full_text\DRE_verlening_subsidie_liberation_route_-_canadian_trail.md
DRE_060,DRE,DRE_verlening_subsidie_m_g_group_europe_bv_-_web.md,DRE_verlening_subsidie_m_g_group_europe_bv_-_web,.md,full_text\DRE_verlening_subsidie_m_g_group_europe_bv_-_web.md
DRE_061,DRE,DRE_verlening_subsidie_museum_de_proefkolonie.md,DRE_verlening_subsidie_museum_de_proefkolonie,.md,full_text\DRE_verlening_subsidie_museum_de_proefkolonie.md
DRE_062,DRE,DRE_verlening_subsidie_nationaal_gevangenismuseum.md,DRE_verlening_subsidie_nationaal_gevangenismuseum,.md,full_text\DRE_verlening_subsidie_nationaal_gevangenismuseum.md
DRE_063,DRE,DRE_verlening_subsidie_project_bezin_geestelijke_verzorging_in_detentie.md,DRE_verlening_subsidie_project_bezin_geestelijke_verzorging_in_detentie,.md,full_text\DRE_verlening_subsidie_project_bezin_geestelijke_verzorging_in_detentie.md
DRE_064,DRE,DRE_verlening_subsidie_project_hunebedcity.md,DRE_verlening_subsidie_project_hunebedcity,.md,full_text\DRE_verlening_subsidie_project_hunebedcity.md
DRE_065,DRE,DRE_verlening_subsidie_project_uitvoeringsstimulans_daw_zod_vechtstromen.md,DRE_verlening_subsidie_project_uitvoeringsstimulans_daw_zod_vechtstromen,.md,full_text\DRE_verlening_subsidie_project_uitvoeringsstimulans_daw_zod_vechtstromen.md
DRE_066,DRE,DRE_verlening_subsidie_restauratie_dienstwoningen_st-de_nieuwe_rentmeester_veenhuizen.md,DRE_verlening_subsidie_restauratie_dienstwoningen_st-de_nieuwe_rentmeester_veenhuizen,.md,full_text\DRE_verlening_subsidie_restauratie_dienstwoningen_st-de_nieuwe_rentmeester_veenhuizen.md
DRE_067,DRE,DRE_verlening_subsidie_schaapskudde_bargerveen.md,DRE_verlening_subsidie_schaapskudde_bargerveen,.md,full_text\DRE_verlening_subsidie_schaapskudde_bargerveen.md
DRE_068,DRE,DRE_verlening_subsidie_schaapskudde_bargerveen_2021_geredigeerd.md,DRE_verlening_subsidie_schaapskudde_bargerveen_2021_geredigeerd,.md,full_text\DRE_verlening_subsidie_schaapskudde_bargerveen_2021_geredigeerd.md
DRE_069,DRE,DRE_verlening_subsidie_schaapskudde_bargerveen_boekjaar_2026_geredigeerd.md,DRE_verlening_subsidie_schaapskudde_bargerveen_boekjaar_2026_geredigeerd,.md,full_text\DRE_verlening_subsidie_schaapskudde_bargerveen_boekjaar_2026_geredigeerd.md
DRE_070,DRE,DRE_verlening_subsidie_stichting_de_nieuwe_rentmeester_geredigeerd.md,DRE_verlening_subsidie_stichting_de_nieuwe_rentmeester_geredigeerd,.md,full_text\DRE_verlening_subsidie_stichting_de_nieuwe_rentmeester_geredigeerd.md
DRE_071,DRE,DRE_verlening_subsidie_stichting_drents_museum_1.md,DRE_verlening_subsidie_stichting_drents_museum_1,.md,full_text\DRE_verlening_subsidie_stichting_drents_museum_1.md
DRE_072,DRE,DRE_verlening_subsidie_stichting_groenfonds.md,DRE_verlening_subsidie_stichting_groenfonds,.md,full_text\DRE_verlening_subsidie_stichting_groenfonds.md
DRE_073,DRE,DRE_verlening_subsidie_stichting_herinneringscentrum_kamp_westerbork.md,DRE_verlening_subsidie_stichting_herinneringscentrum_kamp_westerbork,.md,full_text\DRE_verlening_subsidie_stichting_herinneringscentrum_kamp_westerbork.md
DRE_074,DRE,DRE_verlening_subsidie_stichting_herinneringscentrum_kamp_westerbork_1.md,DRE_verlening_subsidie_stichting_herinneringscentrum_kamp_westerbork_1,.md,full_text\DRE_verlening_subsidie_stichting_herinneringscentrum_kamp_westerbork_1.md
DRE_075,DRE,DRE_verlening_subsidie_stichting_het_drentse_landschap.md,DRE_verlening_subsidie_stichting_het_drentse_landschap,.md,full_text\DRE_verlening_subsidie_stichting_het_drentse_landschap.md
DRE_076,DRE,DRE_verlening_subsidie_stichting_nationaal_gevangenismuseum.md,DRE_verlening_subsidie_stichting_nationaal_gevangenismuseum,.md,full_text\DRE_verlening_subsidie_stichting_nationaal_gevangenismuseum.md
DRE_077,DRE,DRE_verlening_subsidie_stichting_pen_em.md,DRE_verlening_subsidie_stichting_pen_em,.md,full_text\DRE_verlening_subsidie_stichting_pen_em.md
DRE_078,DRE,DRE_verlening_subsidie_stichting_technologiecentrum_noord-nederland_geredigeerd-1.md,DRE_verlening_subsidie_stichting_technologiecentrum_noord-nederland_geredigeerd-1,.md,full_text\DRE_verlening_subsidie_stichting_technologiecentrum_noord-nederland_geredigeerd-1.md
DRE_079,DRE,DRE_verlening_subsidie_stichting_tt_week_assen.md,DRE_verlening_subsidie_stichting_tt_week_assen,.md,full_text\DRE_verlening_subsidie_stichting_tt_week_assen.md
DRE_080,DRE,DRE_verlening_subsidie_stichting_veenomenaal_veenpark.md,DRE_verlening_subsidie_stichting_veenomenaal_veenpark,.md,full_text\DRE_verlening_subsidie_stichting_veenomenaal_veenpark.md
DRE_081,DRE,DRE_verlening_subsidie_stichting_zodfilm.md,DRE_verlening_subsidie_stichting_zodfilm,.md,full_text\DRE_verlening_subsidie_stichting_zodfilm.md
DRE_082,DRE,DRE_verlening_subsidie_theaterspektakel_boer_koekoek_geredigeerd.md,DRE_verlening_subsidie_theaterspektakel_boer_koekoek_geredigeerd,.md,full_text\DRE_verlening_subsidie_theaterspektakel_boer_koekoek_geredigeerd.md
DRE_083,DRE,DRE_verlening_subsidie_toekomstlplan_van_gogh_geredigeerd.md,DRE_verlening_subsidie_toekomstlplan_van_gogh_geredigeerd,.md,full_text\DRE_verlening_subsidie_toekomstlplan_van_gogh_geredigeerd.md
DRE_084,DRE,DRE_verlening_subsidie_tt-week_assen.md,DRE_verlening_subsidie_tt-week_assen,.md,full_text\DRE_verlening_subsidie_tt-week_assen.md
DRE_085,DRE,DRE_verlening_subsidie_uitvoering_activiteitenplan_2024_herinneringscentrum_kamp_westerbork_geredige.md,DRE_verlening_subsidie_uitvoering_activiteitenplan_2024_herinneringscentrum_kamp_westerbork_geredige,.md,full_text\DRE_verlening_subsidie_uitvoering_activiteitenplan_2024_herinneringscentrum_kamp_westerbork_geredige.md
DRE_086,DRE,DRE_verlening_subsidie_van_gogh_in_drenthe-geredigeerd.md,DRE_verlening_subsidie_van_gogh_in_drenthe-geredigeerd,.md,full_text\DRE_verlening_subsidie_van_gogh_in_drenthe-geredigeerd.md
DRE_087,DRE,DRE_verlening_subsidie_vechtstromen_drenthe_subsidieregeling_daw_2026.md,DRE_verlening_subsidie_vechtstromen_drenthe_subsidieregeling_daw_2026,.md,full_text\DRE_verlening_subsidie_vechtstromen_drenthe_subsidieregeling_daw_2026.md
DRE_088,DRE,DRE_verlening_subsidie_veenpark_nr_1.md,DRE_verlening_subsidie_veenpark_nr_1,.md,full_text\DRE_verlening_subsidie_veenpark_nr_1.md
DRE_089,DRE,DRE_verlening_subsidie_veenpark_nr_2.md,DRE_verlening_subsidie_veenpark_nr_2,.md,full_text\DRE_verlening_subsidie_veenpark_nr_2.md
DRE_090,DRE,DRE_verlening_subsidie_vereniging_circulair_friesland_geredigeerd.md,DRE_verlening_subsidie_vereniging_circulair_friesland_geredigeerd,.md,full_text\DRE_verlening_subsidie_vereniging_circulair_friesland_geredigeerd.md
DRE_091,DRE,DRE_verlening_subsidie_wildlands_adventure_zoo_emmen_bv.md,DRE_verlening_subsidie_wildlands_adventure_zoo_emmen_bv,.md,full_text\DRE_verlening_subsidie_wildlands_adventure_zoo_emmen_bv.md
DRE_092,DRE,DRE_verleningsbeschikking_bioclear_klaverrjk_grasland_geredigeerd_1.md,DRE_verleningsbeschikking_bioclear_klaverrjk_grasland_geredigeerd_1,.md,full_text\DRE_verleningsbeschikking_bioclear_klaverrjk_grasland_geredigeerd_1.md
DRE_093,DRE,DRE_verleningsbeschikking_drents_museam_de_buitenplaats_2026_geredigeerd.md,DRE_verleningsbeschikking_drents_museam_de_buitenplaats_2026_geredigeerd,.md,full_text\DRE_verleningsbeschikking_drents_museam_de_buitenplaats_2026_geredigeerd.md
DRE_094,DRE,DRE_verleningsbeschikking_museum_de_proefkolonie_geredigeerd.md,DRE_verleningsbeschikking_museum_de_proefkolonie_geredigeerd,.md,full_text\DRE_verleningsbeschikking_museum_de_proefkolonie_geredigeerd.md
DRE_095,DRE,DRE_verleningsbeschikking_sng_geredigeerd.md,DRE_verleningsbeschikking_sng_geredigeerd,.md,full_text\DRE_verleningsbeschikking_sng_geredigeerd.md
DRE_096,DRE,DRE_verleningsbeschikking_subsidie_groningen_airport_eelde_geredigeerd.md,DRE_verleningsbeschikking_subsidie_groningen_airport_eelde_geredigeerd,.md,full_text\DRE_verleningsbeschikking_subsidie_groningen_airport_eelde_geredigeerd.md
DRE_097,DRE,DRE_verleningsbrief_geredigeerd.md,DRE_verleningsbrief_geredigeerd,.md,full_text\DRE_verleningsbrief_geredigeerd.md
DRE_098,DRE,DRE_wijziging_huurvermindering_2020_zaaknummer_2020002012_geredigeerd.md,DRE_wijziging_huurvermindering_2020_zaaknummer_2020002012_geredigeerd,.md,full_text\DRE_wijziging_huurvermindering_2020_zaaknummer_2020002012_geredigeerd.md
DRE_099,DRE,DRE_wijziging_verleningsbeschikking_stichting_noordelijke_innovatielab_circulaire_economie_nice.md,DRE_wijziging_verleningsbeschikking_stichting_noordelijke_innovatielab_circulaire_economie_nice,.md,full_text\DRE_wijziging_verleningsbeschikking_stichting_noordelijke_innovatielab_circulaire_economie_nice.md
DRE_100,DRE,DRE_wijzigingsbesluit_verlening_validatie_processen_en_producten_eiwitfabriek_geredigeerd.md,DRE_wijzigingsbesluit_verlening_validatie_processen_en_producten_eiwitfabriek_geredigeerd,.md,full_text\DRE_wijzigingsbesluit_verlening_validatie_processen_en_producten_eiwitfabriek_geredigeerd.md
KSA_001,KSA,KSA__https___kansspelautoriteit.nl_sites_default_files_01-281-220_sanctiebesluit_2022_openbaar.md,KSA__https___kansspelautoriteit.nl_sites_default_files_01-281-220_sanctiebesluit_2022_openbaar,.md,full_text\KSA__https___kansspelautoriteit.nl_sites_default_files_01-281-220_sanctiebesluit_2022_openbaar.md
KSA_002,KSA,KSA__https___kansspelautoriteit.nl_sites_default_files_01-288-556_15404_sanctiebesluit_bingoal.md,KSA__https___kansspelautoriteit.nl_sites_default_files_01-288-556_15404_sanctiebesluit_bingoal,.md,full_text\KSA__https___kansspelautoriteit.nl_sites_default_files_01-288-556_15404_sanctiebesluit_bingoal.md
KSA_003,KSA,KSA__https___kansspelautoriteit.nl_sites_default_files_01-289-330_15484_sanctiebesluit_ov.md,KSA__https___kansspelautoriteit.nl_sites_default_files_01-289-330_15484_sanctiebesluit_ov,.md,full_text\KSA__https___kansspelautoriteit.nl_sites_default_files_01-289-330_15484_sanctiebesluit_ov.md
KSA_004,KSA,KSA__https___kansspelautoriteit.nl_sites_default_files_01-314-991_invorderingsbesluit_blue_high_house_sa.md,KSA__https___kansspelautoriteit.nl_sites_default_files_01-314-991_invorderingsbesluit_blue_high_house_sa,.md,full_text\KSA__https___kansspelautoriteit.nl_sites_default_files_01-314-991_invorderingsbesluit_blue_high_house_sa.md
KSA_005,KSA,KSA__https___kansspelautoriteit.nl_sites_default_files_01-316-303_invorderingsbesluit_ov_.md,KSA__https___kansspelautoriteit.nl_sites_default_files_01-316-303_invorderingsbesluit_ov_,.md,full_text\KSA__https___kansspelautoriteit.nl_sites_default_files_01-316-303_invorderingsbesluit_ov_.md
KSA_006,KSA,KSA__https___kansspelautoriteit.nl_sites_default_files_01_037_509_besluit_last_onder_bestuursdwang.md,KSA__https___kansspelautoriteit.nl_sites_default_files_01_037_509_besluit_last_onder_bestuursdwang,.md,full_text\KSA__https___kansspelautoriteit.nl_sites_default_files_01_037_509_besluit_last_onder_bestuursdwang.md
KSA_007,KSA,KSA__https___kansspelautoriteit.nl_sites_default_files_01_044_953_besluit_last_onder_bestuursdwang_openbaar.md,KSA__https___kansspelautoriteit.nl_sites_default_files_01_044_953_besluit_last_onder_bestuursdwang_openbaar,.md,full_text\KSA__https___kansspelautoriteit.nl_sites_default_files_01_044_953_besluit_last_onder_bestuursdwang_openbaar.md
KSA_008,KSA,KSA__https___kansspelautoriteit.nl_sites_default_files_01_047_590_-_01_046_120_invorderingsbeschikking_-_staatsloterij_-_def_openbaar.pdf.md,KSA__https___kansspelautoriteit.nl_sites_default_files_01_047_590_-_01_046_120_invorderingsbeschikking_-_staatsloterij_-_def_openbaar.pdf,.md,full_text\KSA__https___kansspelautoriteit.nl_sites_default_files_01_047_590_-_01_046_120_invorderingsbeschikking_-_staatsloterij_-_def_openbaar.pdf.md
KSA_009,KSA,KSA__https___kansspelautoriteit.nl_sites_default_files_01_061_945_last_onder_dwangsom_openbare_versie.md,KSA__https___kansspelautoriteit.nl_sites_default_files_01_061_945_last_onder_dwangsom_openbare_versie,.md,full_text\KSA__https___kansspelautoriteit.nl_sites_default_files_01_061_945_last_onder_dwangsom_openbare_versie.md
KSA_010,KSA,KSA__https___kansspelautoriteit.nl_sites_default_files_01_062_613_besluit_lob_openbaar.md,KSA__https___kansspelautoriteit.nl_sites_default_files_01_062_613_besluit_lob_openbaar,.md,full_text\KSA__https___kansspelautoriteit.nl_sites_default_files_01_062_613_besluit_lob_openbaar.md
KSA_011,KSA,KSA__https___kansspelautoriteit.nl_sites_default_files_01_252_792_lod_hc.md,KSA__https___kansspelautoriteit.nl_sites_default_files_01_252_792_lod_hc,.md,full_text\KSA__https___kansspelautoriteit.nl_sites_default_files_01_252_792_lod_hc.md
KSA_012,KSA,KSA__https___kansspelautoriteit.nl_sites_default_files_01_263_938_bob_lod_hc.md,KSA__https___kansspelautoriteit.nl_sites_default_files_01_263_938_bob_lod_hc,.md,full_text\KSA__https___kansspelautoriteit.nl_sites_default_files_01_263_938_bob_lod_hc.md
KSA_013,KSA,KSA__https___kansspelautoriteit.nl_sites_default_files_07082019_12920_bob_whg_international.md,KSA__https___kansspelautoriteit.nl_sites_default_files_07082019_12920_bob_whg_international,.md,full_text\KSA__https___kansspelautoriteit.nl_sites_default_files_07082019_12920_bob_whg_international.md
KSA_014,KSA,KSA__https___kansspelautoriteit.nl_sites_default_files_10102014_sanctiebesluit_7red.md,KSA__https___kansspelautoriteit.nl_sites_default_files_10102014_sanctiebesluit_7red,.md,full_text\KSA__https___kansspelautoriteit.nl_sites_default_files_10102014_sanctiebesluit_7red.md
KSA_015,KSA,KSA__https___kansspelautoriteit.nl_sites_default_files_10762_-_01_022_342_en_10868_-_01_022_343_besluit_op_bezwaar_openbaar.md,KSA__https___kansspelautoriteit.nl_sites_default_files_10762_-_01_022_342_en_10868_-_01_022_343_besluit_op_bezwaar_openbaar,.md,full_text\KSA__https___kansspelautoriteit.nl_sites_default_files_10762_-_01_022_342_en_10868_-_01_022_343_besluit_op_bezwaar_openbaar.md
KSA_016,KSA,KSA__https___kansspelautoriteit.nl_sites_default_files_12863_beslissing_op_bezwaar_cyberrock.pdf.md,KSA__https___kansspelautoriteit.nl_sites_default_files_12863_beslissing_op_bezwaar_cyberrock.pdf,.md,full_text\KSA__https___kansspelautoriteit.nl_sites_default_files_12863_beslissing_op_bezwaar_cyberrock.pdf.md
KSA_017,KSA,KSA__https___kansspelautoriteit.nl_sites_default_files_12924_beslissing_op_bezwaar_ov.md,KSA__https___kansspelautoriteit.nl_sites_default_files_12924_beslissing_op_bezwaar_ov,.md,full_text\KSA__https___kansspelautoriteit.nl_sites_default_files_12924_beslissing_op_bezwaar_ov.md
KSA_018,KSA,KSA__https___kansspelautoriteit.nl_sites_default_files_13384_002_beslissing_op_bezwaar_ov.md,KSA__https___kansspelautoriteit.nl_sites_default_files_13384_002_beslissing_op_bezwaar_ov,.md,full_text\KSA__https___kansspelautoriteit.nl_sites_default_files_13384_002_beslissing_op_bezwaar_ov.md
KSA_019,KSA,KSA__https___kansspelautoriteit.nl_sites_default_files_13385_002_beslissing_op_bezwaar_ov_002.md,KSA__https___kansspelautoriteit.nl_sites_default_files_13385_002_beslissing_op_bezwaar_ov_002,.md,full_text\KSA__https___kansspelautoriteit.nl_sites_default_files_13385_002_beslissing_op_bezwaar_ov_002.md
KSA_020,KSA,KSA__https___kansspelautoriteit.nl_sites_default_files_15402_01-285-941_besluit-signed_openbare_versie.md,KSA__https___kansspelautoriteit.nl_sites_default_files_15402_01-285-941_besluit-signed_openbare_versie,.md,full_text\KSA__https___kansspelautoriteit.nl_sites_default_files_15402_01-285-941_besluit-signed_openbare_versie.md
KSA_021,KSA,KSA__https___kansspelautoriteit.nl_sites_default_files_15402_01-304-549_beslissing_op_bezwaar.md,KSA__https___kansspelautoriteit.nl_sites_default_files_15402_01-304-549_beslissing_op_bezwaar,.md,full_text\KSA__https___kansspelautoriteit.nl_sites_default_files_15402_01-304-549_beslissing_op_bezwaar.md
KSA_022,KSA,KSA__https___kansspelautoriteit.nl_sites_default_files_15993_01-343-635_beslissing_op_bezwaar_ov_wpn.md,KSA__https___kansspelautoriteit.nl_sites_default_files_15993_01-343-635_beslissing_op_bezwaar_ov_wpn,.md,full_text\KSA__https___kansspelautoriteit.nl_sites_default_files_15993_01-343-635_beslissing_op_bezwaar_ov_wpn.md
KSA_023,KSA,KSA__https___kansspelautoriteit.nl_sites_default_files_17105_01-338-480_beslissing_op_bezwaar_ov_communicatie.md,KSA__https___kansspelautoriteit.nl_sites_default_files_17105_01-338-480_beslissing_op_bezwaar_ov_communicatie,.md,full_text\KSA__https___kansspelautoriteit.nl_sites_default_files_17105_01-338-480_beslissing_op_bezwaar_ov_communicatie.md
KSA_024,KSA,KSA__https___kansspelautoriteit.nl_sites_default_files_17274_blue_high_house_sanctiebesluit.md,KSA__https___kansspelautoriteit.nl_sites_default_files_17274_blue_high_house_sanctiebesluit,.md,full_text\KSA__https___kansspelautoriteit.nl_sites_default_files_17274_blue_high_house_sanctiebesluit.md
KSA_025,KSA,KSA__https___kansspelautoriteit.nl_sites_default_files_18052_01-330-227_sanctiebesluit_optdeck-ov.md,KSA__https___kansspelautoriteit.nl_sites_default_files_18052_01-330-227_sanctiebesluit_optdeck-ov,.md,full_text\KSA__https___kansspelautoriteit.nl_sites_default_files_18052_01-330-227_sanctiebesluit_optdeck-ov.md
KSA_026,KSA,KSA__https___kansspelautoriteit.nl_sites_default_files_18736_sanctiebesluit_sarah_eternal_18-02-2025.md,KSA__https___kansspelautoriteit.nl_sites_default_files_18736_sanctiebesluit_sarah_eternal_18-02-2025,.md,full_text\KSA__https___kansspelautoriteit.nl_sites_default_files_18736_sanctiebesluit_sarah_eternal_18-02-2025.md
KSA_027,KSA,KSA__https___kansspelautoriteit.nl_sites_default_files_190520-01_056_018-01_057_548_invorderingsbeschikking_-_npl_-_openbaar.md,KSA__https___kansspelautoriteit.nl_sites_default_files_190520-01_056_018-01_057_548_invorderingsbeschikking_-_npl_-_openbaar,.md,full_text\KSA__https___kansspelautoriteit.nl_sites_default_files_190520-01_056_018-01_057_548_invorderingsbeschikking_-_npl_-_openbaar.md
KSA_028,KSA,KSA__https___kansspelautoriteit.nl_sites_default_files_1_sanctiebesluit_come_on.md,KSA__https___kansspelautoriteit.nl_sites_default_files_1_sanctiebesluit_come_on,.md,full_text\KSA__https___kansspelautoriteit.nl_sites_default_files_1_sanctiebesluit_come_on.md
KSA_029,KSA,KSA__https___kansspelautoriteit.nl_sites_default_files_20200806_01_073_790_lod_bevorderen_ov.md,KSA__https___kansspelautoriteit.nl_sites_default_files_20200806_01_073_790_lod_bevorderen_ov,.md,full_text\KSA__https___kansspelautoriteit.nl_sites_default_files_20200806_01_073_790_lod_bevorderen_ov.md
KSA_030,KSA,KSA__https___kansspelautoriteit.nl_sites_default_files_20220114_-_01_255_681_openbare_versie_besluit_opheffen_last_staatsloterij.md,KSA__https___kansspelautoriteit.nl_sites_default_files_20220114_-_01_255_681_openbare_versie_besluit_opheffen_last_staatsloterij,.md,full_text\KSA__https___kansspelautoriteit.nl_sites_default_files_20220114_-_01_255_681_openbare_versie_besluit_opheffen_last_staatsloterij.md
KSA_031,KSA,KSA__https___kansspelautoriteit.nl_sites_default_files_20220118_-_01_256_290_intrekkingsbesluit.md,KSA__https___kansspelautoriteit.nl_sites_default_files_20220118_-_01_256_290_intrekkingsbesluit,.md,full_text\KSA__https___kansspelautoriteit.nl_sites_default_files_20220118_-_01_256_290_intrekkingsbesluit.md
KSA_032,KSA,KSA__https___kansspelautoriteit.nl_sites_default_files_20220817_01_265_500_-_besluit_lod_sons-of-slots_ov.md,KSA__https___kansspelautoriteit.nl_sites_default_files_20220817_01_265_500_-_besluit_lod_sons-of-slots_ov,.md,full_text\KSA__https___kansspelautoriteit.nl_sites_default_files_20220817_01_265_500_-_besluit_lod_sons-of-slots_ov.md
KSA_033,KSA,KSA__https___kansspelautoriteit.nl_sites_default_files_20220901_-_01_272_228_openbare_versie_besluit_opheffen_last_lotto.md,KSA__https___kansspelautoriteit.nl_sites_default_files_20220901_-_01_272_228_openbare_versie_besluit_opheffen_last_lotto,.md,full_text\KSA__https___kansspelautoriteit.nl_sites_default_files_20220901_-_01_272_228_openbare_versie_besluit_opheffen_last_lotto.md
KSA_034,KSA,KSA__https___kansspelautoriteit.nl_sites_default_files_20230216_01-285-641_invorderingsbesluit_gammix.md,KSA__https___kansspelautoriteit.nl_sites_default_files_20230216_01-285-641_invorderingsbesluit_gammix,.md,full_text\KSA__https___kansspelautoriteit.nl_sites_default_files_20230216_01-285-641_invorderingsbesluit_gammix.md
KSA_035,KSA,KSA__https___kansspelautoriteit.nl_sites_default_files_20230228_01-285-044_lod_openbare_versie_beveiligd.md,KSA__https___kansspelautoriteit.nl_sites_default_files_20230228_01-285-044_lod_openbare_versie_beveiligd,.md,full_text\KSA__https___kansspelautoriteit.nl_sites_default_files_20230228_01-285-044_lod_openbare_versie_beveiligd.md
KSA_036,KSA,KSA__https___kansspelautoriteit.nl_sites_default_files_20230523_01-291-294_openbaar_besluit_last_onder_dwangsom_vl_spellen.md,KSA__https___kansspelautoriteit.nl_sites_default_files_20230523_01-291-294_openbaar_besluit_last_onder_dwangsom_vl_spellen,.md,full_text\KSA__https___kansspelautoriteit.nl_sites_default_files_20230523_01-291-294_openbaar_besluit_last_onder_dwangsom_vl_spellen.md
KSA_037,KSA,KSA__https___kansspelautoriteit.nl_sites_default_files_20230831_01-292-391_aanwijzing_pn_ov.md,KSA__https___kansspelautoriteit.nl_sites_default_files_20230831_01-292-391_aanwijzing_pn_ov,.md,full_text\KSA__https___kansspelautoriteit.nl_sites_default_files_20230831_01-292-391_aanwijzing_pn_ov.md
KSA_038,KSA,KSA__https___kansspelautoriteit.nl_sites_default_files_20231026_01-293-519_openbare_versie_besluit_bindende_aanwijzing_hc_cdb_1.md,KSA__https___kansspelautoriteit.nl_sites_default_files_20231026_01-293-519_openbare_versie_besluit_bindende_aanwijzing_hc_cdb_1,.md,full_text\KSA__https___kansspelautoriteit.nl_sites_default_files_20231026_01-293-519_openbare_versie_besluit_bindende_aanwijzing_hc_cdb_1.md
KSA_039,KSA,KSA__https___kansspelautoriteit.nl_sites_default_files_20240328-01-315-784_besluit_lod_sarah_eternal_srl_ov_beveiligd.md,KSA__https___kansspelautoriteit.nl_sites_default_files_20240328-01-315-784_besluit_lod_sarah_eternal_srl_ov_beveiligd,.md,full_text\KSA__https___kansspelautoriteit.nl_sites_default_files_20240328-01-315-784_besluit_lod_sarah_eternal_srl_ov_beveiligd.md
KSA_040,KSA,KSA__https___kansspelautoriteit.nl_sites_default_files_20241022_01-327-056_lod_stichting_pne.md,KSA__https___kansspelautoriteit.nl_sites_default_files_20241022_01-327-056_lod_stichting_pne,.md,full_text\KSA__https___kansspelautoriteit.nl_sites_default_files_20241022_01-327-056_lod_stichting_pne.md
KSA_041,KSA,KSA__https___kansspelautoriteit.nl_sites_default_files_7845_-_beslissing_op_bezwaar_ov_pdf.md,KSA__https___kansspelautoriteit.nl_sites_default_files_7845_-_beslissing_op_bezwaar_ov_pdf,.md,full_text\KSA__https___kansspelautoriteit.nl_sites_default_files_7845_-_beslissing_op_bezwaar_ov_pdf.md
KSA_042,KSA,KSA__https___kansspelautoriteit.nl_sites_default_files_7970_sanctiebesluit_call_internet_city.md,KSA__https___kansspelautoriteit.nl_sites_default_files_7970_sanctiebesluit_call_internet_city,.md,full_text\KSA__https___kansspelautoriteit.nl_sites_default_files_7970_sanctiebesluit_call_internet_city.md
KSA_043,KSA,KSA__https___kansspelautoriteit.nl_sites_default_files_7971_-_00_019_052_sanctiebesluit_openbare_versie.md,KSA__https___kansspelautoriteit.nl_sites_default_files_7971_-_00_019_052_sanctiebesluit_openbare_versie,.md,full_text\KSA__https___kansspelautoriteit.nl_sites_default_files_7971_-_00_019_052_sanctiebesluit_openbare_versie.md
KSA_044,KSA,KSA__https___kansspelautoriteit.nl_sites_default_files_7982_-_00_026_508_en_8140_-_00_026_510_besluit_op_bezwaar_openbaar1.md,KSA__https___kansspelautoriteit.nl_sites_default_files_7982_-_00_026_508_en_8140_-_00_026_510_besluit_op_bezwaar_openbaar1,.md,full_text\KSA__https___kansspelautoriteit.nl_sites_default_files_7982_-_00_026_508_en_8140_-_00_026_510_besluit_op_bezwaar_openbaar1.md
KSA_045,KSA,KSA__https___kansspelautoriteit.nl_sites_default_files_anonieme_aanbieder_17470_sanctiebesluit_20250415.md,KSA__https___kansspelautoriteit.nl_sites_default_files_anonieme_aanbieder_17470_sanctiebesluit_20250415,.md,full_text\KSA__https___kansspelautoriteit.nl_sites_default_files_anonieme_aanbieder_17470_sanctiebesluit_20250415.md
KSA_046,KSA,KSA__https___kansspelautoriteit.nl_sites_default_files_anonieme_aanbieder_18647_besluit_lod_20250227.md,KSA__https___kansspelautoriteit.nl_sites_default_files_anonieme_aanbieder_18647_besluit_lod_20250227,.md,full_text\KSA__https___kansspelautoriteit.nl_sites_default_files_anonieme_aanbieder_18647_besluit_lod_20250227.md
KSA_047,KSA,KSA__https___kansspelautoriteit.nl_sites_default_files_beslissing_op_bezwaar.md,KSA__https___kansspelautoriteit.nl_sites_default_files_beslissing_op_bezwaar,.md,full_text\KSA__https___kansspelautoriteit.nl_sites_default_files_beslissing_op_bezwaar.md
KSA_048,KSA,KSA__https___kansspelautoriteit.nl_sites_default_files_besluit_01_047_464.md,KSA__https___kansspelautoriteit.nl_sites_default_files_besluit_01_047_464,.md,full_text\KSA__https___kansspelautoriteit.nl_sites_default_files_besluit_01_047_464.md
KSA_049,KSA,KSA__https___kansspelautoriteit.nl_sites_default_files_besluit_intrekken_lod.md,KSA__https___kansspelautoriteit.nl_sites_default_files_besluit_intrekken_lod,.md,full_text\KSA__https___kansspelautoriteit.nl_sites_default_files_besluit_intrekken_lod.md
KSA_050,KSA,KSA__https___kansspelautoriteit.nl_sites_default_files_besluit_last_onder_dwangsom.md,KSA__https___kansspelautoriteit.nl_sites_default_files_besluit_last_onder_dwangsom,.md,full_text\KSA__https___kansspelautoriteit.nl_sites_default_files_besluit_last_onder_dwangsom.md
KSA_051,KSA,KSA__https___kansspelautoriteit.nl_sites_default_files_besluit_last_onder_dwangsom_gdl.md,KSA__https___kansspelautoriteit.nl_sites_default_files_besluit_last_onder_dwangsom_gdl,.md,full_text\KSA__https___kansspelautoriteit.nl_sites_default_files_besluit_last_onder_dwangsom_gdl.md
KSA_052,KSA,KSA__https___kansspelautoriteit.nl_sites_default_files_besluit_last_onder_dwangsom_jvg_amusement_vending_b_v.md,KSA__https___kansspelautoriteit.nl_sites_default_files_besluit_last_onder_dwangsom_jvg_amusement_vending_b_v,.md,full_text\KSA__https___kansspelautoriteit.nl_sites_default_files_besluit_last_onder_dwangsom_jvg_amusement_vending_b_v.md
KSA_053,KSA,KSA__https___kansspelautoriteit.nl_sites_default_files_besluit_lod_1a_netx_betting_limited_ov_.md,KSA__https___kansspelautoriteit.nl_sites_default_files_besluit_lod_1a_netx_betting_limited_ov_,.md,full_text\KSA__https___kansspelautoriteit.nl_sites_default_files_besluit_lod_1a_netx_betting_limited_ov_.md
KSA_054,KSA,KSA__https___kansspelautoriteit.nl_sites_default_files_besluit_lxury_bingo.md,KSA__https___kansspelautoriteit.nl_sites_default_files_besluit_lxury_bingo,.md,full_text\KSA__https___kansspelautoriteit.nl_sites_default_files_besluit_lxury_bingo.md
KSA_055,KSA,KSA__https___kansspelautoriteit.nl_sites_default_files_besluit_n1_interactive_limited_ov.md,KSA__https___kansspelautoriteit.nl_sites_default_files_besluit_n1_interactive_limited_ov,.md,full_text\KSA__https___kansspelautoriteit.nl_sites_default_files_besluit_n1_interactive_limited_ov.md
KSA_056,KSA,KSA__https___kansspelautoriteit.nl_sites_default_files_besluit_op_bezwaar_cafe_-_bar_bagci.md,KSA__https___kansspelautoriteit.nl_sites_default_files_besluit_op_bezwaar_cafe_-_bar_bagci,.md,full_text\KSA__https___kansspelautoriteit.nl_sites_default_files_besluit_op_bezwaar_cafe_-_bar_bagci.md
KSA_057,KSA,KSA__https___kansspelautoriteit.nl_sites_default_files_besluit_op_bezwaar_eetcafe_de_gouw.md,KSA__https___kansspelautoriteit.nl_sites_default_files_besluit_op_bezwaar_eetcafe_de_gouw,.md,full_text\KSA__https___kansspelautoriteit.nl_sites_default_files_besluit_op_bezwaar_eetcafe_de_gouw.md
KSA_058,KSA,KSA__https___kansspelautoriteit.nl_sites_default_files_besluit_op_bezwaar_holland_gaming.md,KSA__https___kansspelautoriteit.nl_sites_default_files_besluit_op_bezwaar_holland_gaming,.md,full_text\KSA__https___kansspelautoriteit.nl_sites_default_files_besluit_op_bezwaar_holland_gaming.md
KSA_059,KSA,KSA__https___kansspelautoriteit.nl_sites_default_files_besluit_op_bezwaar_imperial_e-club_limited.md,KSA__https___kansspelautoriteit.nl_sites_default_files_besluit_op_bezwaar_imperial_e-club_limited,.md,full_text\KSA__https___kansspelautoriteit.nl_sites_default_files_besluit_op_bezwaar_imperial_e-club_limited.md
KSA_060,KSA,KSA__https___kansspelautoriteit.nl_sites_default_files_besluit_op_bezwaar_kayseri.md,KSA__https___kansspelautoriteit.nl_sites_default_files_besluit_op_bezwaar_kayseri,.md,full_text\KSA__https___kansspelautoriteit.nl_sites_default_files_besluit_op_bezwaar_kayseri.md
KSA_061,KSA,KSA__https___kansspelautoriteit.nl_sites_default_files_besluit_op_bezwaar_openbaar_cafe_lucky.md,KSA__https___kansspelautoriteit.nl_sites_default_files_besluit_op_bezwaar_openbaar_cafe_lucky,.md,full_text\KSA__https___kansspelautoriteit.nl_sites_default_files_besluit_op_bezwaar_openbaar_cafe_lucky.md
KSA_062,KSA,KSA__https___kansspelautoriteit.nl_sites_default_files_besluit_op_bezwaar_openbaar_call_internet_city.md,KSA__https___kansspelautoriteit.nl_sites_default_files_besluit_op_bezwaar_openbaar_call_internet_city,.md,full_text\KSA__https___kansspelautoriteit.nl_sites_default_files_besluit_op_bezwaar_openbaar_call_internet_city.md
KSA_063,KSA,KSA__https___kansspelautoriteit.nl_sites_default_files_besluit_op_bezwaar_redslots.md,KSA__https___kansspelautoriteit.nl_sites_default_files_besluit_op_bezwaar_redslots,.md,full_text\KSA__https___kansspelautoriteit.nl_sites_default_files_besluit_op_bezwaar_redslots.md
KSA_064,KSA,KSA__https___kansspelautoriteit.nl_sites_default_files_besluit_op_bezwaar_total_e_soft.md,KSA__https___kansspelautoriteit.nl_sites_default_files_besluit_op_bezwaar_total_e_soft,.md,full_text\KSA__https___kansspelautoriteit.nl_sites_default_files_besluit_op_bezwaar_total_e_soft.md
KSA_065,KSA,KSA__https___kansspelautoriteit.nl_sites_default_files_besluit_tipico_openbaar.md,KSA__https___kansspelautoriteit.nl_sites_default_files_besluit_tipico_openbaar,.md,full_text\KSA__https___kansspelautoriteit.nl_sites_default_files_besluit_tipico_openbaar.md
KSA_066,KSA,KSA__https___kansspelautoriteit.nl_sites_default_files_besluit_v_o_f_aulon.md,KSA__https___kansspelautoriteit.nl_sites_default_files_besluit_v_o_f_aulon,.md,full_text\KSA__https___kansspelautoriteit.nl_sites_default_files_besluit_v_o_f_aulon.md
KSA_067,KSA,KSA__https___kansspelautoriteit.nl_sites_default_files_betent_15403_sanctiebesluit.md,KSA__https___kansspelautoriteit.nl_sites_default_files_betent_15403_sanctiebesluit,.md,full_text\KSA__https___kansspelautoriteit.nl_sites_default_files_betent_15403_sanctiebesluit.md
KSA_068,KSA,KSA__https___kansspelautoriteit.nl_sites_default_files_bob_spdne_01-335-368.md,KSA__https___kansspelautoriteit.nl_sites_default_files_bob_spdne_01-335-368,.md,full_text\KSA__https___kansspelautoriteit.nl_sites_default_files_bob_spdne_01-335-368.md
KSA_069,KSA,KSA__https___kansspelautoriteit.nl_sites_default_files_buurtwachtt_20130_01-349-479_lod_20250911.md,KSA__https___kansspelautoriteit.nl_sites_default_files_buurtwachtt_20130_01-349-479_lod_20250911,.md,full_text\KSA__https___kansspelautoriteit.nl_sites_default_files_buurtwachtt_20130_01-349-479_lod_20250911.md
KSA_070,KSA,KSA__https___kansspelautoriteit.nl_sites_default_files_casinoscout_nl_lod.md,KSA__https___kansspelautoriteit.nl_sites_default_files_casinoscout_nl_lod,.md,full_text\KSA__https___kansspelautoriteit.nl_sites_default_files_casinoscout_nl_lod.md
KSA_071,KSA,KSA__https___kansspelautoriteit.nl_sites_default_files_chestoption_sociedad_de_responsibilidad_limitada_17391_invorderingsbesluit_ov_20250905.md,KSA__https___kansspelautoriteit.nl_sites_default_files_chestoption_sociedad_de_responsibilidad_limitada_17391_invorderingsbesluit_ov_20250905,.md,full_text\KSA__https___kansspelautoriteit.nl_sites_default_files_chestoption_sociedad_de_responsibilidad_limitada_17391_invorderingsbesluit_ov_20250905.md
KSA_072,KSA,KSA__https___kansspelautoriteit.nl_sites_default_files_eod_code_srl_18933_lod_20250729.md,KSA__https___kansspelautoriteit.nl_sites_default_files_eod_code_srl_18933_lod_20250729,.md,full_text\KSA__https___kansspelautoriteit.nl_sites_default_files_eod_code_srl_18933_lod_20250729.md
KSA_073,KSA,KSA__https___kansspelautoriteit.nl_sites_default_files_gammix_limited_15765_002_01-352-604_beslissing_op_bezwaar_20250917.md,KSA__https___kansspelautoriteit.nl_sites_default_files_gammix_limited_15765_002_01-352-604_beslissing_op_bezwaar_20250917,.md,full_text\KSA__https___kansspelautoriteit.nl_sites_default_files_gammix_limited_15765_002_01-352-604_beslissing_op_bezwaar_20250917.md
KSA_074,KSA,KSA__https___kansspelautoriteit.nl_sites_default_files_gamusoft_lp_18937_lod_20250402.md,KSA__https___kansspelautoriteit.nl_sites_default_files_gamusoft_lp_18937_lod_20250402,.md,full_text\KSA__https___kansspelautoriteit.nl_sites_default_files_gamusoft_lp_18937_lod_20250402.md
KSA_075,KSA,KSA__https___kansspelautoriteit.nl_sites_default_files_goldwin_limited_16442-001_01-352-600_beslissing_op_bezwaar_20250917.md,KSA__https___kansspelautoriteit.nl_sites_default_files_goldwin_limited_16442-001_01-352-600_beslissing_op_bezwaar_20250917,.md,full_text\KSA__https___kansspelautoriteit.nl_sites_default_files_goldwin_limited_16442-001_01-352-600_beslissing_op_bezwaar_20250917.md
KSA_076,KSA,KSA__https___kansspelautoriteit.nl_sites_default_files_last_onder_dwangsom_bankgiro_loterij_n_v.md,KSA__https___kansspelautoriteit.nl_sites_default_files_last_onder_dwangsom_bankgiro_loterij_n_v,.md,full_text\KSA__https___kansspelautoriteit.nl_sites_default_files_last_onder_dwangsom_bankgiro_loterij_n_v.md
KSA_077,KSA,KSA__https___kansspelautoriteit.nl_sites_default_files_last_onder_dwangsom_cafe_restaurant_de_kruik.md,KSA__https___kansspelautoriteit.nl_sites_default_files_last_onder_dwangsom_cafe_restaurant_de_kruik,.md,full_text\KSA__https___kansspelautoriteit.nl_sites_default_files_last_onder_dwangsom_cafe_restaurant_de_kruik.md
KSA_078,KSA,KSA__https___kansspelautoriteit.nl_sites_default_files_last_onder_dwangsom_dolle_pret_in_almelo.md,KSA__https___kansspelautoriteit.nl_sites_default_files_last_onder_dwangsom_dolle_pret_in_almelo,.md,full_text\KSA__https___kansspelautoriteit.nl_sites_default_files_last_onder_dwangsom_dolle_pret_in_almelo.md
KSA_079,KSA,KSA__https___kansspelautoriteit.nl_sites_default_files_last_onder_dwangsom_onlinecasinobonus_nl.md,KSA__https___kansspelautoriteit.nl_sites_default_files_last_onder_dwangsom_onlinecasinobonus_nl,.md,full_text\KSA__https___kansspelautoriteit.nl_sites_default_files_last_onder_dwangsom_onlinecasinobonus_nl.md
KSA_080,KSA,KSA__https___kansspelautoriteit.nl_sites_default_files_leftlanepapi_18474_lod_20250618.md,KSA__https___kansspelautoriteit.nl_sites_default_files_leftlanepapi_18474_lod_20250618,.md,full_text\KSA__https___kansspelautoriteit.nl_sites_default_files_leftlanepapi_18474_lod_20250618.md
KSA_081,KSA,KSA__https___kansspelautoriteit.nl_sites_default_files_lod_14440-01-312-796.md,KSA__https___kansspelautoriteit.nl_sites_default_files_lod_14440-01-312-796,.md,full_text\KSA__https___kansspelautoriteit.nl_sites_default_files_lod_14440-01-312-796.md
KSA_082,KSA,KSA__https___kansspelautoriteit.nl_sites_default_files_openbaar_-_beslissing_op_bezwaar_ill_en_gig.md,KSA__https___kansspelautoriteit.nl_sites_default_files_openbaar_-_beslissing_op_bezwaar_ill_en_gig,.md,full_text\KSA__https___kansspelautoriteit.nl_sites_default_files_openbaar_-_beslissing_op_bezwaar_ill_en_gig.md
KSA_083,KSA,KSA__https___kansspelautoriteit.nl_sites_default_files_openbaar_-_last_onder_dwangsom_ill.md,KSA__https___kansspelautoriteit.nl_sites_default_files_openbaar_-_last_onder_dwangsom_ill,.md,full_text\KSA__https___kansspelautoriteit.nl_sites_default_files_openbaar_-_last_onder_dwangsom_ill.md
KSA_084,KSA,KSA__https___kansspelautoriteit.nl_sites_default_files_sanctiebesluit_futgalaxy_openbaar.md,KSA__https___kansspelautoriteit.nl_sites_default_files_sanctiebesluit_futgalaxy_openbaar,.md,full_text\KSA__https___kansspelautoriteit.nl_sites_default_files_sanctiebesluit_futgalaxy_openbaar.md
KSA_085,KSA,KSA__https___kansspelautoriteit.nl_sites_default_files_sanctiebesluit_imperial_e-club_limited.md,KSA__https___kansspelautoriteit.nl_sites_default_files_sanctiebesluit_imperial_e-club_limited,.md,full_text\KSA__https___kansspelautoriteit.nl_sites_default_files_sanctiebesluit_imperial_e-club_limited.md
KSA_086,KSA,KSA__https___kansspelautoriteit.nl_sites_default_files_sanctiebesluit_joi_gaming_ltd_10_januari_2023_.md,KSA__https___kansspelautoriteit.nl_sites_default_files_sanctiebesluit_joi_gaming_ltd_10_januari_2023_,.md,full_text\KSA__https___kansspelautoriteit.nl_sites_default_files_sanctiebesluit_joi_gaming_ltd_10_januari_2023_.md
KSA_087,KSA,KSA__https___kansspelautoriteit.nl_sites_default_files_sanctiebesluit_koffiehuis_vadi_-_openbaar.md,KSA__https___kansspelautoriteit.nl_sites_default_files_sanctiebesluit_koffiehuis_vadi_-_openbaar,.md,full_text\KSA__https___kansspelautoriteit.nl_sites_default_files_sanctiebesluit_koffiehuis_vadi_-_openbaar.md
KSA_088,KSA,KSA__https___kansspelautoriteit.nl_sites_default_files_sanctiebesluit_lcs_limited.md,KSA__https___kansspelautoriteit.nl_sites_default_files_sanctiebesluit_lcs_limited,.md,full_text\KSA__https___kansspelautoriteit.nl_sites_default_files_sanctiebesluit_lcs_limited.md
KSA_089,KSA,KSA__https___kansspelautoriteit.nl_sites_default_files_sanctiebesluit_redslots.md,KSA__https___kansspelautoriteit.nl_sites_default_files_sanctiebesluit_redslots,.md,full_text\KSA__https___kansspelautoriteit.nl_sites_default_files_sanctiebesluit_redslots.md
KSA_090,KSA,KSA__https___kansspelautoriteit.nl_sites_default_files_sanctiebesluit_schinveld_bv.md,KSA__https___kansspelautoriteit.nl_sites_default_files_sanctiebesluit_schinveld_bv,.md,full_text\KSA__https___kansspelautoriteit.nl_sites_default_files_sanctiebesluit_schinveld_bv.md
KSA_091,KSA,KSA__https___kansspelautoriteit.nl_sites_default_files_sanctiebesluit_thee-_en_koffiehuis_kayseri.md,KSA__https___kansspelautoriteit.nl_sites_default_files_sanctiebesluit_thee-_en_koffiehuis_kayseri,.md,full_text\KSA__https___kansspelautoriteit.nl_sites_default_files_sanctiebesluit_thee-_en_koffiehuis_kayseri.md
KSA_092,KSA,KSA__https___kansspelautoriteit.nl_sites_default_files_sanctiebesluit_trustfulgames.md,KSA__https___kansspelautoriteit.nl_sites_default_files_sanctiebesluit_trustfulgames,.md,full_text\KSA__https___kansspelautoriteit.nl_sites_default_files_sanctiebesluit_trustfulgames.md
KSA_093,KSA,KSA__https___kansspelautoriteit.nl_sites_default_files_sanctiebesluit_villa_mountain_view.md,KSA__https___kansspelautoriteit.nl_sites_default_files_sanctiebesluit_villa_mountain_view,.md,full_text\KSA__https___kansspelautoriteit.nl_sites_default_files_sanctiebesluit_villa_mountain_view.md
KSA_094,KSA,KSA__https___kansspelautoriteit.nl_sites_default_files_sanctiebesluit_wedwinkel.md,KSA__https___kansspelautoriteit.nl_sites_default_files_sanctiebesluit_wedwinkel,.md,full_text\KSA__https___kansspelautoriteit.nl_sites_default_files_sanctiebesluit_wedwinkel.md
KSA_095,KSA,KSA__https___kansspelautoriteit.nl_sites_default_files_sanctiebesluit_whg.md,KSA__https___kansspelautoriteit.nl_sites_default_files_sanctiebesluit_whg,.md,full_text\KSA__https___kansspelautoriteit.nl_sites_default_files_sanctiebesluit_whg.md
KSA_096,KSA,KSA__https___kansspelautoriteit.nl_sites_default_files_starscream_limited_17807_01-350-415_invorderingsbesluit_20250904.md,KSA__https___kansspelautoriteit.nl_sites_default_files_starscream_limited_17807_01-350-415_invorderingsbesluit_20250904,.md,full_text\KSA__https___kansspelautoriteit.nl_sites_default_files_starscream_limited_17807_01-350-415_invorderingsbesluit_20250904.md
KSA_097,KSA,KSA__https___kansspelautoriteit.nl_sites_default_files_starscream_limited_17807_besluit_lod_20250121.md,KSA__https___kansspelautoriteit.nl_sites_default_files_starscream_limited_17807_besluit_lod_20250121,.md,full_text\KSA__https___kansspelautoriteit.nl_sites_default_files_starscream_limited_17807_besluit_lod_20250121.md
KSA_098,KSA,KSA__https___kansspelautoriteit.nl_sites_default_files_techo_offshore_limited_17393_invorderingsbesluit_20250526.md,KSA__https___kansspelautoriteit.nl_sites_default_files_techo_offshore_limited_17393_invorderingsbesluit_20250526,.md,full_text\KSA__https___kansspelautoriteit.nl_sites_default_files_techo_offshore_limited_17393_invorderingsbesluit_20250526.md
KSA_099,KSA,KSA__https___kansspelautoriteit.nl_sites_default_files_winning_poker_network_15993_besluit_boete_20241217.pdf.md,KSA__https___kansspelautoriteit.nl_sites_default_files_winning_poker_network_15993_besluit_boete_20241217.pdf,.md,full_text\KSA__https___kansspelautoriteit.nl_sites_default_files_winning_poker_network_15993_besluit_boete_20241217.pdf.md
KSA_100,KSA,KSA_https___kansspelautoriteit.nl_sites_default_files_00_082_720_openbare_versie_last_onder_bestuursdwang.pdf.md,KSA_https___kansspelautoriteit.nl_sites_default_files_00_082_720_openbare_versie_last_onder_bestuursdwang.pdf,.md,full_text\KSA_https___kansspelautoriteit.nl_sites_default_files_00_082_720_openbare_versie_last_onder_bestuursdwang.pdf.md
ROT_001,ROT,ROT_0e_rotterdam-centrum_Vergunning.md,ROT_0e_rotterdam-centrum_Vergunning,.md,full_text\ROT_0e_rotterdam-centrum_Vergunning.md
ROT_002,ROT,ROT_1071e_charlois_Vergunning.md,ROT_1071e_charlois_Vergunning,.md,full_text\ROT_1071e_charlois_Vergunning.md
ROT_003,ROT,ROT_116e_rotterdam-centrum_Vergunning.md,ROT_116e_rotterdam-centrum_Vergunning,.md,full_text\ROT_116e_rotterdam-centrum_Vergunning.md
ROT_004,ROT,ROT_1176e_charlois_Vergunning.md,ROT_1176e_charlois_Vergunning,.md,full_text\ROT_1176e_charlois_Vergunning.md
ROT_005,ROT,ROT_1205e_delfshaven_Vergunning.md,ROT_1205e_delfshaven_Vergunning,.md,full_text\ROT_1205e_delfshaven_Vergunning.md
ROT_006,ROT,ROT_1217e_delfshaven_Vergunning.md,ROT_1217e_delfshaven_Vergunning,.md,full_text\ROT_1217e_delfshaven_Vergunning.md
ROT_007,ROT,ROT_1230e_delfshaven_Vergunning.md,ROT_1230e_delfshaven_Vergunning,.md,full_text\ROT_1230e_delfshaven_Vergunning.md
ROT_008,ROT,ROT_1255e_delfshaven_Vergunning.md,ROT_1255e_delfshaven_Vergunning,.md,full_text\ROT_1255e_delfshaven_Vergunning.md
ROT_009,ROT,ROT_127e_rotterdam-centrum_Vergunning.md,ROT_127e_rotterdam-centrum_Vergunning,.md,full_text\ROT_127e_rotterdam-centrum_Vergunning.md
ROT_010,ROT,ROT_1284e_delfshaven_Vergunning.md,ROT_1284e_delfshaven_Vergunning,.md,full_text\ROT_1284e_delfshaven_Vergunning.md
ROT_011,ROT,ROT_132e_rotterdam-centrum_Vergunning.md,ROT_132e_rotterdam-centrum_Vergunning,.md,full_text\ROT_132e_rotterdam-centrum_Vergunning.md
ROT_012,ROT,ROT_1518e_delfshaven_Vergunning.md,ROT_1518e_delfshaven_Vergunning,.md,full_text\ROT_1518e_delfshaven_Vergunning.md
ROT_013,ROT,ROT_1541e_delfshaven_Vergunning.md,ROT_1541e_delfshaven_Vergunning,.md,full_text\ROT_1541e_delfshaven_Vergunning.md
ROT_014,ROT,ROT_1565e_delfshaven_Vergunning.md,ROT_1565e_delfshaven_Vergunning,.md,full_text\ROT_1565e_delfshaven_Vergunning.md
ROT_015,ROT,ROT_1569e_delfshaven_Vergunning.md,ROT_1569e_delfshaven_Vergunning,.md,full_text\ROT_1569e_delfshaven_Vergunning.md
ROT_016,ROT,ROT_1619e_feijenoord_Vergunning.md,ROT_1619e_feijenoord_Vergunning,.md,full_text\ROT_1619e_feijenoord_Vergunning.md
ROT_017,ROT,ROT_1665e_feijenoord_Vergunning.md,ROT_1665e_feijenoord_Vergunning,.md,full_text\ROT_1665e_feijenoord_Vergunning.md
ROT_018,ROT,ROT_1778e_feijenoord_Vergunning.md,ROT_1778e_feijenoord_Vergunning,.md,full_text\ROT_1778e_feijenoord_Vergunning.md
ROT_019,ROT,ROT_179e_rotterdam-centrum_Vergunning.md,ROT_179e_rotterdam-centrum_Vergunning,.md,full_text\ROT_179e_rotterdam-centrum_Vergunning.md
ROT_020,ROT,ROT_1828e_feijenoord_Vergunning.md,ROT_1828e_feijenoord_Vergunning,.md,full_text\ROT_1828e_feijenoord_Vergunning.md
ROT_021,ROT,ROT_1847e_feijenoord_Vergunning.md,ROT_1847e_feijenoord_Vergunning,.md,full_text\ROT_1847e_feijenoord_Vergunning.md
ROT_022,ROT,ROT_184e_rotterdam-centrum_Vergunning.md,ROT_184e_rotterdam-centrum_Vergunning,.md,full_text\ROT_184e_rotterdam-centrum_Vergunning.md
ROT_023,ROT,ROT_1943e_feijenoord_Vergunning.md,ROT_1943e_feijenoord_Vergunning,.md,full_text\ROT_1943e_feijenoord_Vergunning.md
ROT_024,ROT,ROT_1962e_feijenoord_Vergunning.md,ROT_1962e_feijenoord_Vergunning,.md,full_text\ROT_1962e_feijenoord_Vergunning.md
ROT_025,ROT,ROT_1976e_feijenoord_Vergunning.md,ROT_1976e_feijenoord_Vergunning,.md,full_text\ROT_1976e_feijenoord_Vergunning.md
ROT_026,ROT,ROT_1994e_feijenoord_Vergunning.md,ROT_1994e_feijenoord_Vergunning,.md,full_text\ROT_1994e_feijenoord_Vergunning.md
ROT_027,ROT,ROT_2001e_feijenoord_Vergunning.md,ROT_2001e_feijenoord_Vergunning,.md,full_text\ROT_2001e_feijenoord_Vergunning.md
ROT_028,ROT,ROT_2026e_hillegersberg-schiebroek_Vergunning.md,ROT_2026e_hillegersberg-schiebroek_Vergunning,.md,full_text\ROT_2026e_hillegersberg-schiebroek_Vergunning.md
ROT_029,ROT,ROT_208e_rotterdam-centrum_Vergunning.md,ROT_208e_rotterdam-centrum_Vergunning,.md,full_text\ROT_208e_rotterdam-centrum_Vergunning.md
ROT_030,ROT,ROT_2123e_hillegersberg-schiebroek_Vergunning.md,ROT_2123e_hillegersberg-schiebroek_Vergunning,.md,full_text\ROT_2123e_hillegersberg-schiebroek_Vergunning.md
ROT_031,ROT,ROT_2128e_hillegersberg-schiebroek_Vergunning.md,ROT_2128e_hillegersberg-schiebroek_Vergunning,.md,full_text\ROT_2128e_hillegersberg-schiebroek_Vergunning.md
ROT_032,ROT,ROT_2149e_hillegersberg-schiebroek_Vergunning.md,ROT_2149e_hillegersberg-schiebroek_Vergunning,.md,full_text\ROT_2149e_hillegersberg-schiebroek_Vergunning.md
ROT_033,ROT,ROT_2178e_hoek-van-holland_Vergunning.md,ROT_2178e_hoek-van-holland_Vergunning,.md,full_text\ROT_2178e_hoek-van-holland_Vergunning.md
ROT_034,ROT,ROT_2187e_hoek-van-holland_Vergunning.md,ROT_2187e_hoek-van-holland_Vergunning,.md,full_text\ROT_2187e_hoek-van-holland_Vergunning.md
ROT_035,ROT,ROT_2212e_hoek-van-holland_Vergunning.md,ROT_2212e_hoek-van-holland_Vergunning,.md,full_text\ROT_2212e_hoek-van-holland_Vergunning.md
ROT_036,ROT,ROT_2228e_hoek-van-holland_Vergunning.md,ROT_2228e_hoek-van-holland_Vergunning,.md,full_text\ROT_2228e_hoek-van-holland_Vergunning.md
ROT_037,ROT,ROT_2229e_hoek-van-holland_Vergunning.md,ROT_2229e_hoek-van-holland_Vergunning,.md,full_text\ROT_2229e_hoek-van-holland_Vergunning.md
ROT_038,ROT,ROT_2233e_hoek-van-holland_Vergunning.md,ROT_2233e_hoek-van-holland_Vergunning,.md,full_text\ROT_2233e_hoek-van-holland_Vergunning.md
ROT_039,ROT,ROT_2236e_hoek-van-holland_Vergunning.md,ROT_2236e_hoek-van-holland_Vergunning,.md,full_text\ROT_2236e_hoek-van-holland_Vergunning.md
ROT_040,ROT,ROT_2299e_hoek-van-holland_Vergunning.md,ROT_2299e_hoek-van-holland_Vergunning,.md,full_text\ROT_2299e_hoek-van-holland_Vergunning.md
ROT_041,ROT,ROT_2311e_hoek-van-holland_Vergunning.md,ROT_2311e_hoek-van-holland_Vergunning,.md,full_text\ROT_2311e_hoek-van-holland_Vergunning.md
ROT_042,ROT,ROT_2337e_hoogvliet_Vergunning.md,ROT_2337e_hoogvliet_Vergunning,.md,full_text\ROT_2337e_hoogvliet_Vergunning.md
ROT_043,ROT,ROT_23e_rotterdam-centrum_Vergunning.md,ROT_23e_rotterdam-centrum_Vergunning,.md,full_text\ROT_23e_rotterdam-centrum_Vergunning.md
ROT_044,ROT,ROT_2406e_hoogvliet_Vergunning.md,ROT_2406e_hoogvliet_Vergunning,.md,full_text\ROT_2406e_hoogvliet_Vergunning.md
ROT_045,ROT,ROT_2460e_hoogvliet_Vergunning.md,ROT_2460e_hoogvliet_Vergunning,.md,full_text\ROT_2460e_hoogvliet_Vergunning.md
ROT_046,ROT,ROT_2466e_hoogvliet_Vergunning.md,ROT_2466e_hoogvliet_Vergunning,.md,full_text\ROT_2466e_hoogvliet_Vergunning.md
ROT_047,ROT,ROT_2487e_hoogvliet_Vergunning.md,ROT_2487e_hoogvliet_Vergunning,.md,full_text\ROT_2487e_hoogvliet_Vergunning.md
ROT_048,ROT,ROT_2496e_ijsselmonde_Vergunning.md,ROT_2496e_ijsselmonde_Vergunning,.md,full_text\ROT_2496e_ijsselmonde_Vergunning.md
ROT_049,ROT,ROT_2499e_ijsselmonde_Vergunning.md,ROT_2499e_ijsselmonde_Vergunning,.md,full_text\ROT_2499e_ijsselmonde_Vergunning.md
ROT_050,ROT,ROT_2516e_ijsselmonde_Vergunning.md,ROT_2516e_ijsselmonde_Vergunning,.md,full_text\ROT_2516e_ijsselmonde_Vergunning.md
ROT_051,ROT,ROT_2590e_ijsselmonde_Vergunning.md,ROT_2590e_ijsselmonde_Vergunning,.md,full_text\ROT_2590e_ijsselmonde_Vergunning.md
ROT_052,ROT,ROT_2621e_ijsselmonde_Vergunning.md,ROT_2621e_ijsselmonde_Vergunning,.md,full_text\ROT_2621e_ijsselmonde_Vergunning.md
ROT_053,ROT,ROT_2653e_ijsselmonde_Vergunning.md,ROT_2653e_ijsselmonde_Vergunning,.md,full_text\ROT_2653e_ijsselmonde_Vergunning.md
ROT_054,ROT,ROT_2685e_kralingen-crooswijk_Vergunning.md,ROT_2685e_kralingen-crooswijk_Vergunning,.md,full_text\ROT_2685e_kralingen-crooswijk_Vergunning.md
ROT_055,ROT,ROT_2694e_kralingen-crooswijk_Vergunning.md,ROT_2694e_kralingen-crooswijk_Vergunning,.md,full_text\ROT_2694e_kralingen-crooswijk_Vergunning.md
ROT_056,ROT,ROT_2811e_kralingen-crooswijk_Vergunning.md,ROT_2811e_kralingen-crooswijk_Vergunning,.md,full_text\ROT_2811e_kralingen-crooswijk_Vergunning.md
ROT_057,ROT,ROT_2847e_kralingen-crooswijk_Vergunning.md,ROT_2847e_kralingen-crooswijk_Vergunning,.md,full_text\ROT_2847e_kralingen-crooswijk_Vergunning.md
ROT_058,ROT,ROT_2877e_kralingen-crooswijk_Vergunning.md,ROT_2877e_kralingen-crooswijk_Vergunning,.md,full_text\ROT_2877e_kralingen-crooswijk_Vergunning.md
ROT_059,ROT,ROT_2970e_kralingen-crooswijk_Vergunning.md,ROT_2970e_kralingen-crooswijk_Vergunning,.md,full_text\ROT_2970e_kralingen-crooswijk_Vergunning.md
ROT_060,ROT,ROT_2973e_kralingen-crooswijk_Vergunning.md,ROT_2973e_kralingen-crooswijk_Vergunning,.md,full_text\ROT_2973e_kralingen-crooswijk_Vergunning.md
ROT_061,ROT,ROT_2995e_kralingen-crooswijk_Vergunning.md,ROT_2995e_kralingen-crooswijk_Vergunning,.md,full_text\ROT_2995e_kralingen-crooswijk_Vergunning.md
ROT_062,ROT,ROT_300e_rotterdam-centrum_Vergunning.md,ROT_300e_rotterdam-centrum_Vergunning,.md,full_text\ROT_300e_rotterdam-centrum_Vergunning.md
ROT_063,ROT,ROT_3042e_noord_Vergunning.md,ROT_3042e_noord_Vergunning,.md,full_text\ROT_3042e_noord_Vergunning.md
ROT_064,ROT,ROT_3170e_noord_Vergunning.md,ROT_3170e_noord_Vergunning,.md,full_text\ROT_3170e_noord_Vergunning.md
ROT_065,ROT,ROT_319e_rotterdam-centrum_Vergunning.md,ROT_319e_rotterdam-centrum_Vergunning,.md,full_text\ROT_319e_rotterdam-centrum_Vergunning.md
ROT_066,ROT,ROT_3269e_overschie_Vergunning.md,ROT_3269e_overschie_Vergunning,.md,full_text\ROT_3269e_overschie_Vergunning.md
ROT_067,ROT,ROT_3283e_overschie_Vergunning.md,ROT_3283e_overschie_Vergunning,.md,full_text\ROT_3283e_overschie_Vergunning.md
ROT_068,ROT,ROT_3508e_prins-alexander_Vergunning.md,ROT_3508e_prins-alexander_Vergunning,.md,full_text\ROT_3508e_prins-alexander_Vergunning.md
ROT_069,ROT,ROT_3523e_prins-alexander_Vergunning.md,ROT_3523e_prins-alexander_Vergunning,.md,full_text\ROT_3523e_prins-alexander_Vergunning.md
ROT_070,ROT,ROT_3554e_prins-alexander_Vergunning.md,ROT_3554e_prins-alexander_Vergunning,.md,full_text\ROT_3554e_prins-alexander_Vergunning.md
ROT_071,ROT,ROT_3562e_prins-alexander_Vergunning.md,ROT_3562e_prins-alexander_Vergunning,.md,full_text\ROT_3562e_prins-alexander_Vergunning.md
ROT_072,ROT,ROT_3572e_prins-alexander_Vergunning.md,ROT_3572e_prins-alexander_Vergunning,.md,full_text\ROT_3572e_prins-alexander_Vergunning.md
ROT_073,ROT,ROT_3593e_prins-alexander_Vergunning.md,ROT_3593e_prins-alexander_Vergunning,.md,full_text\ROT_3593e_prins-alexander_Vergunning.md
ROT_074,ROT,ROT_3594e_prins-alexander_Vergunning.md,ROT_3594e_prins-alexander_Vergunning,.md,full_text\ROT_3594e_prins-alexander_Vergunning.md
ROT_075,ROT,ROT_3668e_prins-alexander_Vergunning.md,ROT_3668e_prins-alexander_Vergunning,.md,full_text\ROT_3668e_prins-alexander_Vergunning.md
ROT_076,ROT,ROT_3671e_prins-alexander_Vergunning.md,ROT_3671e_prins-alexander_Vergunning,.md,full_text\ROT_3671e_prins-alexander_Vergunning.md
ROT_077,ROT,ROT_3687e_prins-alexander_Vergunning.md,ROT_3687e_prins-alexander_Vergunning,.md,full_text\ROT_3687e_prins-alexander_Vergunning.md
ROT_078,ROT,ROT_3731e_rozenburg_Vergunning.md,ROT_3731e_rozenburg_Vergunning,.md,full_text\ROT_3731e_rozenburg_Vergunning.md
ROT_079,ROT,ROT_3764e_rozenburg_Vergunning.md,ROT_3764e_rozenburg_Vergunning,.md,full_text\ROT_3764e_rozenburg_Vergunning.md
ROT_080,ROT,ROT_415e_rotterdam-centrum_Vergunning.md,ROT_415e_rotterdam-centrum_Vergunning,.md,full_text\ROT_415e_rotterdam-centrum_Vergunning.md
ROT_081,ROT,ROT_46c_delfshaven_Vergunning.md,ROT_46c_delfshaven_Vergunning,.md,full_text\ROT_46c_delfshaven_Vergunning.md
ROT_082,ROT,ROT_4c_rotterdam-centrum_Vergunning.md,ROT_4c_rotterdam-centrum_Vergunning,.md,full_text\ROT_4c_rotterdam-centrum_Vergunning.md
ROT_083,ROT,ROT_500e_rotterdam-centrum_Vergunning.md,ROT_500e_rotterdam-centrum_Vergunning,.md,full_text\ROT_500e_rotterdam-centrum_Vergunning.md
ROT_084,ROT,ROT_54c_feijenoord_Vergunning.md,ROT_54c_feijenoord_Vergunning,.md,full_text\ROT_54c_feijenoord_Vergunning.md
ROT_085,ROT,ROT_552e_rotterdam-centrum_Vergunning.md,ROT_552e_rotterdam-centrum_Vergunning,.md,full_text\ROT_552e_rotterdam-centrum_Vergunning.md
ROT_086,ROT,ROT_5c_rotterdam-centrum_Vergunning.md,ROT_5c_rotterdam-centrum_Vergunning,.md,full_text\ROT_5c_rotterdam-centrum_Vergunning.md
ROT_087,ROT,ROT_642e_rotterdam-centrum_Vergunning.md,ROT_642e_rotterdam-centrum_Vergunning,.md,full_text\ROT_642e_rotterdam-centrum_Vergunning.md
ROT_088,ROT,ROT_675e_rotterdam-centrum_Vergunning.md,ROT_675e_rotterdam-centrum_Vergunning,.md,full_text\ROT_675e_rotterdam-centrum_Vergunning.md
ROT_089,ROT,ROT_685e_rotterdam-centrum_Vergunning.md,ROT_685e_rotterdam-centrum_Vergunning,.md,full_text\ROT_685e_rotterdam-centrum_Vergunning.md
ROT_090,ROT,ROT_741e_rotterdam-centrum_Vergunning.md,ROT_741e_rotterdam-centrum_Vergunning,.md,full_text\ROT_741e_rotterdam-centrum_Vergunning.md
ROT_091,ROT,ROT_788e_rotterdam-centrum_Vergunning.md,ROT_788e_rotterdam-centrum_Vergunning,.md,full_text\ROT_788e_rotterdam-centrum_Vergunning.md
ROT_092,ROT,ROT_816e_rotterdam-centrum_Vergunning.md,ROT_816e_rotterdam-centrum_Vergunning,.md,full_text\ROT_816e_rotterdam-centrum_Vergunning.md
ROT_093,ROT,ROT_823e_rotterdam-centrum_Vergunning.md,ROT_823e_rotterdam-centrum_Vergunning,.md,full_text\ROT_823e_rotterdam-centrum_Vergunning.md
ROT_094,ROT,ROT_82c_noord_Vergunning.md,ROT_82c_noord_Vergunning,.md,full_text\ROT_82c_noord_Vergunning.md
ROT_095,ROT,ROT_869e_rotterdam-centrum_Vergunning.md,ROT_869e_rotterdam-centrum_Vergunning,.md,full_text\ROT_869e_rotterdam-centrum_Vergunning.md
ROT_096,ROT,ROT_900e_charlois_Vergunning.md,ROT_900e_charlois_Vergunning,.md,full_text\ROT_900e_charlois_Vergunning.md
ROT_097,ROT,ROT_925e_charlois_Vergunning.md,ROT_925e_charlois_Vergunning,.md,full_text\ROT_925e_charlois_Vergunning.md
ROT_098,ROT,ROT_958e_charlois_Vergunning.md,ROT_958e_charlois_Vergunning,.md,full_text\ROT_958e_charlois_Vergunning.md
ROT_099,ROT,ROT_969e_charlois_Vergunning.md,ROT_969e_charlois_Vergunning,.md,full_text\ROT_969e_charlois_Vergunning.md
ROT_100,ROT,ROT_974e_charlois_Vergunning.md,ROT_974e_charlois_Vergunning,.md,full_text\ROT_974e_charlois_Vergunning.md
RIJ_001,RIJ,Rijksoverheid__0_Wijzigingsbeschikking-subsidie-Nationaal-Onderwijsmuseum-2025.md,Rijksoverheid__0_Wijzigingsbeschikking-subsidie-Nationaal-Onderwijsmuseum-2025,.md,full_text\Rijksoverheid__0_Wijzigingsbeschikking-subsidie-Nationaal-Onderwijsmuseum-2025.md
RIJ_002,RIJ,Rijksoverheid__102_Subsidieverlening-over-deelproject-STD1-Elektrische-Kabelsystemen.md,Rijksoverheid__102_Subsidieverlening-over-deelproject-STD1-Elektrische-Kabelsystemen,.md,full_text\Rijksoverheid__102_Subsidieverlening-over-deelproject-STD1-Elektrische-Kabelsystemen.md
RIJ_003,RIJ,Rijksoverheid__103_Besluit-op-subsidieverlening-Huurders-in-energiearmoede.md,Rijksoverheid__103_Besluit-op-subsidieverlening-Huurders-in-energiearmoede,.md,full_text\Rijksoverheid__103_Besluit-op-subsidieverlening-Huurders-in-energiearmoede.md
RIJ_004,RIJ,Rijksoverheid__104_Beschikking-verlening-subsidie-voor-Rotterdams-Philharmonisch-Orkest-X-The-Ukraine-Liberation-Orchestra.md,Rijksoverheid__104_Beschikking-verlening-subsidie-voor-Rotterdams-Philharmonisch-Orkest-X-The-Ukraine-Liberation-Orchestra,.md,full_text\Rijksoverheid__104_Beschikking-verlening-subsidie-voor-Rotterdams-Philharmonisch-Orkest-X-The-Ukraine-Liberation-Orchestra.md
RIJ_005,RIJ,Rijksoverheid__105_Verlening-Steunaanvraag-UUBF-2023.md,Rijksoverheid__105_Verlening-Steunaanvraag-UUBF-2023,.md,full_text\Rijksoverheid__105_Verlening-Steunaanvraag-UUBF-2023.md
RIJ_006,RIJ,Rijksoverheid__106_Definitief-besluit-incidentele-subsidie-CCS-project-Yara-Sluiskil.md,Rijksoverheid__106_Definitief-besluit-incidentele-subsidie-CCS-project-Yara-Sluiskil,.md,full_text\Rijksoverheid__106_Definitief-besluit-incidentele-subsidie-CCS-project-Yara-Sluiskil.md
RIJ_007,RIJ,Rijksoverheid__107_Besluit-op-verlening-subsidie-voor-scholing-warmtepompen.md,Rijksoverheid__107_Besluit-op-verlening-subsidie-voor-scholing-warmtepompen,.md,full_text\Rijksoverheid__107_Besluit-op-verlening-subsidie-voor-scholing-warmtepompen.md
RIJ_008,RIJ,Rijksoverheid__108_Besluit-op-verlening-subsidie-pilotproject-Brabantse-Wal.md,Rijksoverheid__108_Besluit-op-verlening-subsidie-pilotproject-Brabantse-Wal,.md,full_text\Rijksoverheid__108_Besluit-op-verlening-subsidie-pilotproject-Brabantse-Wal.md
RIJ_009,RIJ,Rijksoverheid__109_Besluit-op-verlening-subsidie-voor-deelproject-Hydrogen-Ombouw-Turbofan-(HOT).md,Rijksoverheid__109_Besluit-op-verlening-subsidie-voor-deelproject-Hydrogen-Ombouw-Turbofan-(HOT),.md,full_text\Rijksoverheid__109_Besluit-op-verlening-subsidie-voor-deelproject-Hydrogen-Ombouw-Turbofan-(HOT).md
RIJ_010,RIJ,Rijksoverheid__10_Besluit-over-wijziging-subsidie-Leve-het-Geven.md,Rijksoverheid__10_Besluit-over-wijziging-subsidie-Leve-het-Geven,.md,full_text\Rijksoverheid__10_Besluit-over-wijziging-subsidie-Leve-het-Geven.md
RIJ_011,RIJ,Rijksoverheid__110_Besluit-op-subsidieaanvraag-Verbeteren-kwaliteit-erfgoedinformatie.md,Rijksoverheid__110_Besluit-op-subsidieaanvraag-Verbeteren-kwaliteit-erfgoedinformatie,.md,full_text\Rijksoverheid__110_Besluit-op-subsidieaanvraag-Verbeteren-kwaliteit-erfgoedinformatie.md
RIJ_012,RIJ,Rijksoverheid__111_Definitief-besluit-subsidie-pilotproject-van-Gogh-Nationaal-Park.md,Rijksoverheid__111_Definitief-besluit-subsidie-pilotproject-van-Gogh-Nationaal-Park,.md,full_text\Rijksoverheid__111_Definitief-besluit-subsidie-pilotproject-van-Gogh-Nationaal-Park.md
RIJ_013,RIJ,Rijksoverheid__113_Besluit-op-verlening-subsidie-voor-project-Macaw.md,Rijksoverheid__113_Besluit-op-verlening-subsidie-voor-project-Macaw,.md,full_text\Rijksoverheid__113_Besluit-op-verlening-subsidie-voor-project-Macaw.md
RIJ_014,RIJ,Rijksoverheid__114_Besluit-op-subsidieverzoek-“Veenweidensloot-van-de-toekomst-–-VIPNL-project”.md,Rijksoverheid__114_Besluit-op-subsidieverzoek-“Veenweidensloot-van-de-toekomst-–-VIPNL-project”,.md,full_text\Rijksoverheid__114_Besluit-op-subsidieverzoek-“Veenweidensloot-van-de-toekomst-–-VIPNL-project”.md
RIJ_015,RIJ,Rijksoverheid__115_Subsidieverlening-Hydrogen-Aircraft-Powertrain-and-Storage-Systems.md,Rijksoverheid__115_Subsidieverlening-Hydrogen-Aircraft-Powertrain-and-Storage-Systems,.md,full_text\Rijksoverheid__115_Subsidieverlening-Hydrogen-Aircraft-Powertrain-and-Storage-Systems.md
RIJ_016,RIJ,Rijksoverheid__116_Beschikking-aanvraag-subsidie-Vereniging-De-Hollandsche-Molen.md,Rijksoverheid__116_Beschikking-aanvraag-subsidie-Vereniging-De-Hollandsche-Molen,.md,full_text\Rijksoverheid__116_Beschikking-aanvraag-subsidie-Vereniging-De-Hollandsche-Molen.md
RIJ_017,RIJ,Rijksoverheid__117_Besluit-op-verlening-subsidie-project-United-Ukrainian-Ballet.md,Rijksoverheid__117_Besluit-op-verlening-subsidie-project-United-Ukrainian-Ballet,.md,full_text\Rijksoverheid__117_Besluit-op-verlening-subsidie-project-United-Ukrainian-Ballet.md
RIJ_018,RIJ,Rijksoverheid__11_Besluit-subsidieverzoek-Actienetwerk-Energiehulp.md,Rijksoverheid__11_Besluit-subsidieverzoek-Actienetwerk-Energiehulp,.md,full_text\Rijksoverheid__11_Besluit-subsidieverzoek-Actienetwerk-Energiehulp.md
RIJ_019,RIJ,Rijksoverheid__121_Besluit-op-subsidie-voor-implementatie-voor-het-Agrarisch-Natuur-en-Landschapsbeheer.md,Rijksoverheid__121_Besluit-op-subsidie-voor-implementatie-voor-het-Agrarisch-Natuur-en-Landschapsbeheer,.md,full_text\Rijksoverheid__121_Besluit-op-subsidie-voor-implementatie-voor-het-Agrarisch-Natuur-en-Landschapsbeheer.md
RIJ_020,RIJ,Rijksoverheid__122_Besluit-subsidieverzoek-project-‘NEWLIFE’.md,Rijksoverheid__122_Besluit-subsidieverzoek-project-‘NEWLIFE’,.md,full_text\Rijksoverheid__122_Besluit-subsidieverzoek-project-‘NEWLIFE’.md
RIJ_021,RIJ,Rijksoverheid__123_Besluit-verlening-subsidie-voor-project-Rebecca.md,Rijksoverheid__123_Besluit-verlening-subsidie-voor-project-Rebecca,.md,full_text\Rijksoverheid__123_Besluit-verlening-subsidie-voor-project-Rebecca.md
RIJ_022,RIJ,Rijksoverheid__124_Besluit-verlening-subsidie-voor-project-A-IQ-Ready.md,Rijksoverheid__124_Besluit-verlening-subsidie-voor-project-A-IQ-Ready,.md,full_text\Rijksoverheid__124_Besluit-verlening-subsidie-voor-project-A-IQ-Ready.md
RIJ_023,RIJ,Rijksoverheid__125_Besluit-subsidieverzoek-project-CLEVER.md,Rijksoverheid__125_Besluit-subsidieverzoek-project-CLEVER,.md,full_text\Rijksoverheid__125_Besluit-subsidieverzoek-project-CLEVER.md
RIJ_024,RIJ,Rijksoverheid__127_Besluit-verlening-subsidie-voor-project-EdgeAi.md,Rijksoverheid__127_Besluit-verlening-subsidie-voor-project-EdgeAi,.md,full_text\Rijksoverheid__127_Besluit-verlening-subsidie-voor-project-EdgeAi.md
RIJ_025,RIJ,Rijksoverheid__128_Besluit-subsidieverzoek-project-‘AGRARSENSE’.md,Rijksoverheid__128_Besluit-subsidieverzoek-project-‘AGRARSENSE’,.md,full_text\Rijksoverheid__128_Besluit-subsidieverzoek-project-‘AGRARSENSE’.md
RIJ_026,RIJ,Rijksoverheid__12_Besluit-subsidieverzoek-NeAIxt.md,Rijksoverheid__12_Besluit-subsidieverzoek-NeAIxt,.md,full_text\Rijksoverheid__12_Besluit-subsidieverzoek-NeAIxt.md
RIJ_027,RIJ,Rijksoverheid__130_Besluit-subsidieverzoek-project-'TRISTAN'.md,Rijksoverheid__130_Besluit-subsidieverzoek-project-'TRISTAN',.md,full_text\Rijksoverheid__130_Besluit-subsidieverzoek-project-'TRISTAN'.md
RIJ_028,RIJ,Rijksoverheid__131_Besluit-subsidieverzoek-project-‘PowerizeD’.md,Rijksoverheid__131_Besluit-subsidieverzoek-project-‘PowerizeD’,.md,full_text\Rijksoverheid__131_Besluit-subsidieverzoek-project-‘PowerizeD’.md
RIJ_029,RIJ,Rijksoverheid__132_Besluit-verlening-subsidie-voor-project-Listen2Future.md,Rijksoverheid__132_Besluit-verlening-subsidie-voor-project-Listen2Future,.md,full_text\Rijksoverheid__132_Besluit-verlening-subsidie-voor-project-Listen2Future.md
RIJ_030,RIJ,Rijksoverheid__134_Besluit-op-subsidieverzoek-diverse-activiteiten-in-2023.md,Rijksoverheid__134_Besluit-op-subsidieverzoek-diverse-activiteiten-in-2023,.md,full_text\Rijksoverheid__134_Besluit-op-subsidieverzoek-diverse-activiteiten-in-2023.md
RIJ_031,RIJ,Rijksoverheid__135_Besluit-op-subsidieverzoek-'Gezond-product-van-een-gezonde-bodem'.md,Rijksoverheid__135_Besluit-op-subsidieverzoek-'Gezond-product-van-een-gezonde-bodem',.md,full_text\Rijksoverheid__135_Besluit-op-subsidieverzoek-'Gezond-product-van-een-gezonde-bodem'.md
RIJ_032,RIJ,Rijksoverheid__137_Besluit-op-subsidieverzoek-over-Nationaal_Onderwijsmuseum.md,Rijksoverheid__137_Besluit-op-subsidieverzoek-over-Nationaal_Onderwijsmuseum,.md,full_text\Rijksoverheid__137_Besluit-op-subsidieverzoek-over-Nationaal_Onderwijsmuseum.md
RIJ_033,RIJ,Rijksoverheid__138_Besluit-over-wijziging-verlening-4-jaarlijkse-instellingssubsidie-Stichting-International-Filmfestival-Rotterdam.md,Rijksoverheid__138_Besluit-over-wijziging-verlening-4-jaarlijkse-instellingssubsidie-Stichting-International-Filmfestival-Rotterdam,.md,full_text\Rijksoverheid__138_Besluit-over-wijziging-verlening-4-jaarlijkse-instellingssubsidie-Stichting-International-Filmfestival-Rotterdam.md
RIJ_034,RIJ,Rijksoverheid__139_wijziging-subsidie-ontwikkelfonds-energiecooperaties.md,Rijksoverheid__139_wijziging-subsidie-ontwikkelfonds-energiecooperaties,.md,full_text\Rijksoverheid__139_wijziging-subsidie-ontwikkelfonds-energiecooperaties.md
RIJ_035,RIJ,Rijksoverheid__13_Besluit-subsidieverzoek-GENESIS.md,Rijksoverheid__13_Besluit-subsidieverzoek-GENESIS,.md,full_text\Rijksoverheid__13_Besluit-subsidieverzoek-GENESIS.md
RIJ_036,RIJ,Rijksoverheid__14_Besluit-subsidieverzoek-SHIFT2SDV.md,Rijksoverheid__14_Besluit-subsidieverzoek-SHIFT2SDV,.md,full_text\Rijksoverheid__14_Besluit-subsidieverzoek-SHIFT2SDV.md
RIJ_037,RIJ,Rijksoverheid__15_Besluit-subsidieverzoek-act10.md,Rijksoverheid__15_Besluit-subsidieverzoek-act10,.md,full_text\Rijksoverheid__15_Besluit-subsidieverzoek-act10.md
RIJ_038,RIJ,Rijksoverheid__16_Besluit-subsidieverzoek-MOSAIC.md,Rijksoverheid__16_Besluit-subsidieverzoek-MOSAIC,.md,full_text\Rijksoverheid__16_Besluit-subsidieverzoek-MOSAIC.md
RIJ_039,RIJ,Rijksoverheid__17_Besluit-subsidieverzoek-HIGH-POWER-5.0.md,Rijksoverheid__17_Besluit-subsidieverzoek-HIGH-POWER-5.0,.md,full_text\Rijksoverheid__17_Besluit-subsidieverzoek-HIGH-POWER-5.0.md
RIJ_040,RIJ,Rijksoverheid__19_Besluit-subsidieverzoek-PROACTIF.md,Rijksoverheid__19_Besluit-subsidieverzoek-PROACTIF,.md,full_text\Rijksoverheid__19_Besluit-subsidieverzoek-PROACTIF.md
RIJ_041,RIJ,Rijksoverheid__1_Besluit-op-subsidieverzoek-over-K12-B-CO2-opslagproject-pre-FEED-fase.md,Rijksoverheid__1_Besluit-op-subsidieverzoek-over-K12-B-CO2-opslagproject-pre-FEED-fase,.md,full_text\Rijksoverheid__1_Besluit-op-subsidieverzoek-over-K12-B-CO2-opslagproject-pre-FEED-fase.md
RIJ_042,RIJ,Rijksoverheid__20_Besluit-subsidieverzoek-RIGOLETTO.md,Rijksoverheid__20_Besluit-subsidieverzoek-RIGOLETTO,.md,full_text\Rijksoverheid__20_Besluit-subsidieverzoek-RIGOLETTO.md
RIJ_043,RIJ,Rijksoverheid__22_Subsidiebeschikking-Watersnoodmuseum.md,Rijksoverheid__22_Subsidiebeschikking-Watersnoodmuseum,.md,full_text\Rijksoverheid__22_Subsidiebeschikking-Watersnoodmuseum.md
RIJ_044,RIJ,Rijksoverheid__23_Besluit-op-subsidieverzoek-over-deelproject-STBl-Hydrogen-Aircraft-Powertrain-and-Storage-Systems-(HAPPS).md,Rijksoverheid__23_Besluit-op-subsidieverzoek-over-deelproject-STBl-Hydrogen-Aircraft-Powertrain-and-Storage-Systems-(HAPPS),.md,full_text\Rijksoverheid__23_Besluit-op-subsidieverzoek-over-deelproject-STBl-Hydrogen-Aircraft-Powertrain-and-Storage-Systems-(HAPPS).md
RIJ_045,RIJ,Rijksoverheid__26_Besluit-over-wijziging-verlenging-subsidie-cultuurloket-DigitALL.md,Rijksoverheid__26_Besluit-over-wijziging-verlenging-subsidie-cultuurloket-DigitALL,.md,full_text\Rijksoverheid__26_Besluit-over-wijziging-verlenging-subsidie-cultuurloket-DigitALL.md
RIJ_046,RIJ,Rijksoverheid__27_Voucherbeschikkingen-pilot-ondernemingsplanaanpak-Gelderse-Vallei.md,Rijksoverheid__27_Voucherbeschikkingen-pilot-ondernemingsplanaanpak-Gelderse-Vallei,.md,full_text\Rijksoverheid__27_Voucherbeschikkingen-pilot-ondernemingsplanaanpak-Gelderse-Vallei.md
RIJ_047,RIJ,Rijksoverheid__29_Gewijzigde-voucherbeschikkingen-pilot-ondernemingsplanaanpak-Gelderse-Vallei.md,Rijksoverheid__29_Gewijzigde-voucherbeschikkingen-pilot-ondernemingsplanaanpak-Gelderse-Vallei,.md,full_text\Rijksoverheid__29_Gewijzigde-voucherbeschikkingen-pilot-ondernemingsplanaanpak-Gelderse-Vallei.md
RIJ_048,RIJ,Rijksoverheid__30_Gewijzigde-subsidiebeschikking-pilot-ondernemingsplanaanpak-Gelderse-Vallei.md,Rijksoverheid__30_Gewijzigde-subsidiebeschikking-pilot-ondernemingsplanaanpak-Gelderse-Vallei,.md,full_text\Rijksoverheid__30_Gewijzigde-subsidiebeschikking-pilot-ondernemingsplanaanpak-Gelderse-Vallei.md
RIJ_049,RIJ,Rijksoverheid__31_Besluit-projectsubsidie-ITA-toeslag-voor-internationale-excellentie-2025-2028.md,Rijksoverheid__31_Besluit-projectsubsidie-ITA-toeslag-voor-internationale-excellentie-2025-2028,.md,full_text\Rijksoverheid__31_Besluit-projectsubsidie-ITA-toeslag-voor-internationale-excellentie-2025-2028.md
RIJ_050,RIJ,Rijksoverheid__32_Besluit-op-subsidieverzoek-over-project-Netwerk-Digitaal-Erfgoed-2025.md,Rijksoverheid__32_Besluit-op-subsidieverzoek-over-project-Netwerk-Digitaal-Erfgoed-2025,.md,full_text\Rijksoverheid__32_Besluit-op-subsidieverzoek-over-project-Netwerk-Digitaal-Erfgoed-2025.md
RIJ_051,RIJ,Rijksoverheid__34_Besluit-subsidiewijziging-Programmabureau-Maritiem-Masterplan-2024-2025-onderdeel-Human-Capital.md,Rijksoverheid__34_Besluit-subsidiewijziging-Programmabureau-Maritiem-Masterplan-2024-2025-onderdeel-Human-Capital,.md,full_text\Rijksoverheid__34_Besluit-subsidiewijziging-Programmabureau-Maritiem-Masterplan-2024-2025-onderdeel-Human-Capital.md
RIJ_052,RIJ,Rijksoverheid__35_Besluit-subsidieaanvraag-Vervolg-DAW-supportteam-2025-2027.md,Rijksoverheid__35_Besluit-subsidieaanvraag-Vervolg-DAW-supportteam-2025-2027,.md,full_text\Rijksoverheid__35_Besluit-subsidieaanvraag-Vervolg-DAW-supportteam-2025-2027.md
RIJ_053,RIJ,Rijksoverheid__37_Besluit-op-subsidieverzoek-over-verduurzaming-Chloor-Alkali-productie-gebaseerd-op-NC-technology.md,Rijksoverheid__37_Besluit-op-subsidieverzoek-over-verduurzaming-Chloor-Alkali-productie-gebaseerd-op-NC-technology,.md,full_text\Rijksoverheid__37_Besluit-op-subsidieverzoek-over-verduurzaming-Chloor-Alkali-productie-gebaseerd-op-NC-technology.md
RIJ_054,RIJ,Rijksoverheid__38_Besluit-op-subsidieverzoek-over-WESP-project-Granulatie-4.md,Rijksoverheid__38_Besluit-op-subsidieverzoek-over-WESP-project-Granulatie-4,.md,full_text\Rijksoverheid__38_Besluit-op-subsidieverzoek-over-WESP-project-Granulatie-4.md
RIJ_055,RIJ,Rijksoverheid__39_Besluit-op-een-aanvullend-subsidieverzoek-voor-de-Transformatiefaciliteit.md,Rijksoverheid__39_Besluit-op-een-aanvullend-subsidieverzoek-voor-de-Transformatiefaciliteit,.md,full_text\Rijksoverheid__39_Besluit-op-een-aanvullend-subsidieverzoek-voor-de-Transformatiefaciliteit.md
RIJ_056,RIJ,Rijksoverheid__3_Besluit-op-subsidieverzoek-over-subsidie-duurzame-vernieuwing-technisch-fundament-en-duurzaam-beheer-open-source-Energietransitiemodel.md,Rijksoverheid__3_Besluit-op-subsidieverzoek-over-subsidie-duurzame-vernieuwing-technisch-fundament-en-duurzaam-beheer-open-source-Energietransitiemodel,.md,full_text\Rijksoverheid__3_Besluit-op-subsidieverzoek-over-subsidie-duurzame-vernieuwing-technisch-fundament-en-duurzaam-beheer-open-source-Energietransitiemodel.md
RIJ_057,RIJ,Rijksoverheid__40_Voucherbeschikkingen-pilot-ondernemingsplanaanpak-Gelderse-Vallei.md,Rijksoverheid__40_Voucherbeschikkingen-pilot-ondernemingsplanaanpak-Gelderse-Vallei,.md,full_text\Rijksoverheid__40_Voucherbeschikkingen-pilot-ondernemingsplanaanpak-Gelderse-Vallei.md
RIJ_058,RIJ,Rijksoverheid__42_Verleningsbeschikking-projectsubsidie-digitaal-platform-the-low-countries.md,Rijksoverheid__42_Verleningsbeschikking-projectsubsidie-digitaal-platform-the-low-countries,.md,full_text\Rijksoverheid__42_Verleningsbeschikking-projectsubsidie-digitaal-platform-the-low-countries.md
RIJ_059,RIJ,Rijksoverheid__43_Subsidiebeschikking-aanvraag-Nationaal-Groeifonds-Stichting-Werklandschappen-van-de-Toekomst.md,Rijksoverheid__43_Subsidiebeschikking-aanvraag-Nationaal-Groeifonds-Stichting-Werklandschappen-van-de-Toekomst,.md,full_text\Rijksoverheid__43_Subsidiebeschikking-aanvraag-Nationaal-Groeifonds-Stichting-Werklandschappen-van-de-Toekomst.md
RIJ_060,RIJ,Rijksoverheid__46_Besluit-over-wijziging-subsidie-Nationaal-Onderwijsmuseum.md,Rijksoverheid__46_Besluit-over-wijziging-subsidie-Nationaal-Onderwijsmuseum,.md,full_text\Rijksoverheid__46_Besluit-over-wijziging-subsidie-Nationaal-Onderwijsmuseum.md
RIJ_061,RIJ,Rijksoverheid__47_Verleningsbrief-Subsidie-emissieloze-touringcars-Kupers-Touringcars.md,Rijksoverheid__47_Verleningsbrief-Subsidie-emissieloze-touringcars-Kupers-Touringcars,.md,full_text\Rijksoverheid__47_Verleningsbrief-Subsidie-emissieloze-touringcars-Kupers-Touringcars.md
RIJ_062,RIJ,Rijksoverheid__49_Verleningsbrief-Subsidie-emissieloze-touringcars-Jan-de-Wit-Bus.md,Rijksoverheid__49_Verleningsbrief-Subsidie-emissieloze-touringcars-Jan-de-Wit-Bus,.md,full_text\Rijksoverheid__49_Verleningsbrief-Subsidie-emissieloze-touringcars-Jan-de-Wit-Bus.md
RIJ_063,RIJ,Rijksoverheid__4_Besluit-op-subsidieverzoek-over-Roadmap-Data-ecosysteem-Open-Teelten-2025-2027.md,Rijksoverheid__4_Besluit-op-subsidieverzoek-over-Roadmap-Data-ecosysteem-Open-Teelten-2025-2027,.md,full_text\Rijksoverheid__4_Besluit-op-subsidieverzoek-over-Roadmap-Data-ecosysteem-Open-Teelten-2025-2027.md
RIJ_064,RIJ,Rijksoverheid__50_Verleningsbrief-Subsidie-emissieloze-touringcars-Autobusbedrijf-Doornbos.md,Rijksoverheid__50_Verleningsbrief-Subsidie-emissieloze-touringcars-Autobusbedrijf-Doornbos,.md,full_text\Rijksoverheid__50_Verleningsbrief-Subsidie-emissieloze-touringcars-Autobusbedrijf-Doornbos.md
RIJ_065,RIJ,Rijksoverheid__51_Verleningsbrief-Subsidie-emissieloze-touringcars-Qbuzz.md,Rijksoverheid__51_Verleningsbrief-Subsidie-emissieloze-touringcars-Qbuzz,.md,full_text\Rijksoverheid__51_Verleningsbrief-Subsidie-emissieloze-touringcars-Qbuzz.md
RIJ_066,RIJ,Rijksoverheid__53_Verleningsbrief-Subsidie-emissieloze-touringcars-Koninklijke-Oostenrijk-Groep.md,Rijksoverheid__53_Verleningsbrief-Subsidie-emissieloze-touringcars-Koninklijke-Oostenrijk-Groep,.md,full_text\Rijksoverheid__53_Verleningsbrief-Subsidie-emissieloze-touringcars-Koninklijke-Oostenrijk-Groep.md
RIJ_067,RIJ,Rijksoverheid__54_Verleningsbrief-Subsidie-emissieloze-touringcars-Daimler-Truck-Financial-Services-Nederland-B.V..md,Rijksoverheid__54_Verleningsbrief-Subsidie-emissieloze-touringcars-Daimler-Truck-Financial-Services-Nederland-B.V.,.md,full_text\Rijksoverheid__54_Verleningsbrief-Subsidie-emissieloze-touringcars-Daimler-Truck-Financial-Services-Nederland-B.V..md
RIJ_068,RIJ,Rijksoverheid__55_Verleningsbrief-Subsidie-emissieloze-touringcars-Touringcarbedrijf-Betuwe-Express-B.V.md,Rijksoverheid__55_Verleningsbrief-Subsidie-emissieloze-touringcars-Touringcarbedrijf-Betuwe-Express-B.V,.md,full_text\Rijksoverheid__55_Verleningsbrief-Subsidie-emissieloze-touringcars-Touringcarbedrijf-Betuwe-Express-B.V.md
RIJ_069,RIJ,Rijksoverheid__59_Besluit-verlening-subsidie-voor-bindmiddelproject-Rockwool.md,Rijksoverheid__59_Besluit-verlening-subsidie-voor-bindmiddelproject-Rockwool,.md,full_text\Rijksoverheid__59_Besluit-verlening-subsidie-voor-bindmiddelproject-Rockwool.md
RIJ_070,RIJ,Rijksoverheid__5_Besluit-over-wijziging-subsidie-revolverende-cultuurlening.md,Rijksoverheid__5_Besluit-over-wijziging-subsidie-revolverende-cultuurlening,.md,full_text\Rijksoverheid__5_Besluit-over-wijziging-subsidie-revolverende-cultuurlening.md
RIJ_071,RIJ,Rijksoverheid__60_Besluit-op-subsidieverzoek-over-project-Kosten-Baten-Analyse-Transitie-Melkveehouderij-(KBA-TMVH).md,Rijksoverheid__60_Besluit-op-subsidieverzoek-over-project-Kosten-Baten-Analyse-Transitie-Melkveehouderij-(KBA-TMVH),.md,full_text\Rijksoverheid__60_Besluit-op-subsidieverzoek-over-project-Kosten-Baten-Analyse-Transitie-Melkveehouderij-(KBA-TMVH).md
RIJ_072,RIJ,Rijksoverheid__62_Besluit-op-subsidieverzoek-over-prikkelarm-theater-maken.md,Rijksoverheid__62_Besluit-op-subsidieverzoek-over-prikkelarm-theater-maken,.md,full_text\Rijksoverheid__62_Besluit-op-subsidieverzoek-over-prikkelarm-theater-maken.md
RIJ_073,RIJ,Rijksoverheid__63_Besluit-op-subsidieverzoek-over-Jachthuis-Sint-Hubertus.md,Rijksoverheid__63_Besluit-op-subsidieverzoek-over-Jachthuis-Sint-Hubertus,.md,full_text\Rijksoverheid__63_Besluit-op-subsidieverzoek-over-Jachthuis-Sint-Hubertus.md
RIJ_074,RIJ,Rijksoverheid__64_Besluit-op-subsidieverzoek-over-project-Move2THz.md,Rijksoverheid__64_Besluit-op-subsidieverzoek-over-project-Move2THz,.md,full_text\Rijksoverheid__64_Besluit-op-subsidieverzoek-over-project-Move2THz.md
RIJ_075,RIJ,Rijksoverheid__65_Besluit-op-subsidieverzoek-over-project-ShapeFuture.md,Rijksoverheid__65_Besluit-op-subsidieverzoek-over-project-ShapeFuture,.md,full_text\Rijksoverheid__65_Besluit-op-subsidieverzoek-over-project-ShapeFuture.md
RIJ_076,RIJ,Rijksoverheid__66_Besluit-op-subsidieverzoek-over-project-VIVA.md,Rijksoverheid__66_Besluit-op-subsidieverzoek-over-project-VIVA,.md,full_text\Rijksoverheid__66_Besluit-op-subsidieverzoek-over-project-VIVA.md
RIJ_077,RIJ,Rijksoverheid__67_Besluit-op-subsidieverzoek-over-project-HAL4SDV.md,Rijksoverheid__67_Besluit-op-subsidieverzoek-over-project-HAL4SDV,.md,full_text\Rijksoverheid__67_Besluit-op-subsidieverzoek-over-project-HAL4SDV.md
RIJ_078,RIJ,Rijksoverheid__69_Besluit-op-subsidieverzoek-over-project-PhotonMed.md,Rijksoverheid__69_Besluit-op-subsidieverzoek-over-project-PhotonMed,.md,full_text\Rijksoverheid__69_Besluit-op-subsidieverzoek-over-project-PhotonMed.md
RIJ_079,RIJ,Rijksoverheid__6_Besluit-op-subsidieverzoek-over-uitvoering-Sectoragenda-Maritieme-Maakindustrie.md,Rijksoverheid__6_Besluit-op-subsidieverzoek-over-uitvoering-Sectoragenda-Maritieme-Maakindustrie,.md,full_text\Rijksoverheid__6_Besluit-op-subsidieverzoek-over-uitvoering-Sectoragenda-Maritieme-Maakindustrie.md
RIJ_080,RIJ,Rijksoverheid__72_Besluit-op-subsidieverzoek-over-project-SOIL.md,Rijksoverheid__72_Besluit-op-subsidieverzoek-over-project-SOIL,.md,full_text\Rijksoverheid__72_Besluit-op-subsidieverzoek-over-project-SOIL.md
RIJ_081,RIJ,Rijksoverheid__73_Besluit-op-subsidieverzoek-over-project-Cynergy4MIE.md,Rijksoverheid__73_Besluit-op-subsidieverzoek-over-project-Cynergy4MIE,.md,full_text\Rijksoverheid__73_Besluit-op-subsidieverzoek-over-project-Cynergy4MIE.md
RIJ_082,RIJ,Rijksoverheid__76_Subsidiebeschikking-Samen-Versnellen-fase-2.md,Rijksoverheid__76_Subsidiebeschikking-Samen-Versnellen-fase-2,.md,full_text\Rijksoverheid__76_Subsidiebeschikking-Samen-Versnellen-fase-2.md
RIJ_083,RIJ,Rijksoverheid__77_Besluit-op-subsidieverzoek-project-Gerbera-jaarrond-telen-tijdens-een-energietransitie.md,Rijksoverheid__77_Besluit-op-subsidieverzoek-project-Gerbera-jaarrond-telen-tijdens-een-energietransitie,.md,full_text\Rijksoverheid__77_Besluit-op-subsidieverzoek-project-Gerbera-jaarrond-telen-tijdens-een-energietransitie.md
RIJ_084,RIJ,Rijksoverheid__78_Besluit-op-verlening-subsidie-voor-deelproject-SEC-Human-Capital-Agenda.md,Rijksoverheid__78_Besluit-op-verlening-subsidie-voor-deelproject-SEC-Human-Capital-Agenda,.md,full_text\Rijksoverheid__78_Besluit-op-verlening-subsidie-voor-deelproject-SEC-Human-Capital-Agenda.md
RIJ_085,RIJ,Rijksoverheid__79_Besluit-op-subsidieverzoek-over-project-naar-fossielvrije-onbelichte-aubergineteelt.md,Rijksoverheid__79_Besluit-op-subsidieverzoek-over-project-naar-fossielvrije-onbelichte-aubergineteelt,.md,full_text\Rijksoverheid__79_Besluit-op-subsidieverzoek-over-project-naar-fossielvrije-onbelichte-aubergineteelt.md
RIJ_086,RIJ,Rijksoverheid__7_Besluit-op-subsidieverzoek-over-project-ChipNL-Competence-Centre.md,Rijksoverheid__7_Besluit-op-subsidieverzoek-over-project-ChipNL-Competence-Centre,.md,full_text\Rijksoverheid__7_Besluit-op-subsidieverzoek-over-project-ChipNL-Competence-Centre.md
RIJ_087,RIJ,Rijksoverheid__80_Besluit-op-verlening-projectsubsidie-Stichting-Amstel-218-voor-activiteiten-in-2024.md,Rijksoverheid__80_Besluit-op-verlening-projectsubsidie-Stichting-Amstel-218-voor-activiteiten-in-2024,.md,full_text\Rijksoverheid__80_Besluit-op-verlening-projectsubsidie-Stichting-Amstel-218-voor-activiteiten-in-2024.md
RIJ_088,RIJ,Rijksoverheid__82_Besluit-op-subsidieverzoek-project-Tropische-potplanten-koeler-winter-door-onder-LED-verlichting.md,Rijksoverheid__82_Besluit-op-subsidieverzoek-project-Tropische-potplanten-koeler-winter-door-onder-LED-verlichting,.md,full_text\Rijksoverheid__82_Besluit-op-subsidieverzoek-project-Tropische-potplanten-koeler-winter-door-onder-LED-verlichting.md
RIJ_089,RIJ,Rijksoverheid__84_Rectificatie-subsidieverlening-Werklandschappen-van-de-Toekomst-2023-2024.md,Rijksoverheid__84_Rectificatie-subsidieverlening-Werklandschappen-van-de-Toekomst-2023-2024,.md,full_text\Rijksoverheid__84_Rectificatie-subsidieverlening-Werklandschappen-van-de-Toekomst-2023-2024.md
RIJ_090,RIJ,Rijksoverheid__85_Besluit-verlening-projectsubsidie-Versterken-onderzoekscapaciteit-in-2024.md,Rijksoverheid__85_Besluit-verlening-projectsubsidie-Versterken-onderzoekscapaciteit-in-2024,.md,full_text\Rijksoverheid__85_Besluit-verlening-projectsubsidie-Versterken-onderzoekscapaciteit-in-2024.md
RIJ_091,RIJ,Rijksoverheid__86_Besluit-wijziging-projectsubsidie-‘Versnellen-en-verbreden-gebruik-netwerkvoorzieningen-Netwerk-Digitaal-Erfgoed’.md,Rijksoverheid__86_Besluit-wijziging-projectsubsidie-‘Versnellen-en-verbreden-gebruik-netwerkvoorzieningen-Netwerk-Digitaal-Erfgoed’,.md,full_text\Rijksoverheid__86_Besluit-wijziging-projectsubsidie-‘Versnellen-en-verbreden-gebruik-netwerkvoorzieningen-Netwerk-Digitaal-Erfgoed’.md
RIJ_092,RIJ,Rijksoverheid__87_Besluit-projectsubsidie-exploitatietekort-2024-Jachthuis-St-Hubertus.md,Rijksoverheid__87_Besluit-projectsubsidie-exploitatietekort-2024-Jachthuis-St-Hubertus,.md,full_text\Rijksoverheid__87_Besluit-projectsubsidie-exploitatietekort-2024-Jachthuis-St-Hubertus.md
RIJ_093,RIJ,Rijksoverheid__8_Besluit-op-subsidieverzoek-over-deelproject-ICEFlight.md,Rijksoverheid__8_Besluit-op-subsidieverzoek-over-deelproject-ICEFlight,.md,full_text\Rijksoverheid__8_Besluit-op-subsidieverzoek-over-deelproject-ICEFlight.md
RIJ_094,RIJ,Rijksoverheid__91_Subsidiebeschikking-technische-haalbaarheidsstudies-bedrijfsduurverlenging-kerncentrale-Borssele.md,Rijksoverheid__91_Subsidiebeschikking-technische-haalbaarheidsstudies-bedrijfsduurverlenging-kerncentrale-Borssele,.md,full_text\Rijksoverheid__91_Subsidiebeschikking-technische-haalbaarheidsstudies-bedrijfsduurverlenging-kerncentrale-Borssele.md
RIJ_095,RIJ,Rijksoverheid__92_Subsidieverlening-digitaal-platform-www.the-low-countries.com-2024.md,Rijksoverheid__92_Subsidieverlening-digitaal-platform-www.the-low-countries.com-2024,.md,full_text\Rijksoverheid__92_Subsidieverlening-digitaal-platform-www.the-low-countries.com-2024.md
RIJ_096,RIJ,Rijksoverheid__94_Besluit-op-subsidieverzoek-“Kennisverspreiding-Agroforestry-–-Kennis-op-Maat-project.md,Rijksoverheid__94_Besluit-op-subsidieverzoek-“Kennisverspreiding-Agroforestry-–-Kennis-op-Maat-project,.md,full_text\Rijksoverheid__94_Besluit-op-subsidieverzoek-“Kennisverspreiding-Agroforestry-–-Kennis-op-Maat-project.md
RIJ_097,RIJ,Rijksoverheid__96_Besluit-op-subsidieverzoek-“Innovatieplatform-Akkerbouw-2024-2027”.md,Rijksoverheid__96_Besluit-op-subsidieverzoek-“Innovatieplatform-Akkerbouw-2024-2027”,.md,full_text\Rijksoverheid__96_Besluit-op-subsidieverzoek-“Innovatieplatform-Akkerbouw-2024-2027”.md
RIJ_098,RIJ,Rijksoverheid__97_Subsidieverlening-Energiebesparing-ronde-2.md,Rijksoverheid__97_Subsidieverlening-Energiebesparing-ronde-2,.md,full_text\Rijksoverheid__97_Subsidieverlening-Energiebesparing-ronde-2.md
RIJ_099,RIJ,Rijksoverheid__98_Besluit-op-verlenging-subsidie-voor-Nationaal-Onderwijsmuseum.md,Rijksoverheid__98_Besluit-op-verlenging-subsidie-voor-Nationaal-Onderwijsmuseum,.md,full_text\Rijksoverheid__98_Besluit-op-verlenging-subsidie-voor-Nationaal-Onderwijsmuseum.md
RIJ_100,RIJ,Rijksoverheid__99_Besluit-subsidieaanvraag-project-Oral-history.md,Rijksoverheid__99_Besluit-subsidieaanvraag-project-Oral-history,.md,full_text\Rijksoverheid__99_Besluit-subsidieaanvraag-project-Oral-history.md
